Workbook

Sheet Overview
A1: EXPERIMENT / SESSION OVERVIEW | P1: CONTROLS | R1: RESOLVED MACHINE FIELDS | AY1: Active highlight | AZ1: TRUE
A2: Exp | B2: Date | C2: Time | D2: Name | E2: Arrangement | F2: annotationSet | G2: Replicate label | H2: Description text | I2: Ext | J2: Include | K2: Images | L2: Reg start | M2: Reg end | N2: Status | O2: ID | P2: VBA controls | R2: Exp* | S2: Date* | T2: Name* | U2: Arrangement* | V2: annotationSet* | W2: Description text* | X2: Ext* | Y2: sessionUID* | Z2: Replicate label* | AY2: Legend visible | AZ2: FALSE
A3: 1 | B3: 14.08.26 | C3: 24h | E3: Arrangement 1 | F3: annotationSet 1 | H3: growth | I3: .jpg | J3: TRUE | K3: =IF(B3="","",COUNTIF(Arrangements!$M$3:$M$92,U3)) -> 24 | L3: =IF(OR(B3="",N3<>"OK"),"",1) -> 1 | M3: =IF(L3="","",L3+K3-1) -> 24 | N3: =IF(B3="","",IF(J3=FALSE,"Excluded",IF(R3="","Missing Exp",IF(NOT(IFERROR(TEXT(DATE(2000+VALUE(RIGHT(B3,2)),VALUE(MID(B3,4,2)),VALUE(LEFT(B3,2))),"dd.mm.yy")=B3,FALSE)),"Invalid date - use dd.mm.yy",IF(U3="","Missing Arrangement",IF(COUNTIF(Arrangements!$M$3:$M$92,U3)=0,"Unknown Arrangement",IF(SUMPRODUCT((Arrangements!$M$3:$M$92=U3)*(Arrangements!$P$3:$P$92<>"OK"))>0,"Arrangement errors",IF(AND(V3<>"",COUNTIF(Annotations!$B$3:$B$46,V3)=0),"Unknown annotationSet",IF(AND(V3<>"",COUNTIFS(Annotations!$B$3:$B$46,V3,Annotations!$F$3:$F$46,"<>OK")>0),"annotationSet errors",IF(K3=0,"No images",IF(COUNTIF($Y$3:$Y$62,Y3)>1,"Duplicate session - change Name or Time",IF(AND(A3<>"",COUNTIF($A$3:$A$62,A3)>1),"Duplicate Exp start","OK")))))))))))) -> OK | O3: =IF(B3="","",B3&IF(T3<>"","_"&T3,"")&IF(C3<>"","_"&C3,"")) -> 14.08.26_24h | P3: installed separately | R3: =IF(B3="","",IFERROR(LOOKUP(2,1/($A$3:A3<>""),$A$3:A3),"")) -> 1 | S3: =IF(B3="","",IF(IFERROR(TEXT(DATE(2000+VALUE(RIGHT(B3,2)),VALUE(MID(B3,4,2)),VALUE(LEFT(B3,2))),"dd.mm.yy")=B3,FALSE),DATE(2000+VALUE(RIGHT(B3,2)),VALUE(MID(B3,4,2)),VALUE(LEFT(B3,2))),"")) -> 46248 | T3: =IF(B3="","",IFERROR(LOOKUP(2,1/(($R$3:R3=R3)*($D$3:D3<>"")),$D$3:D3),"")) | U3: =IF(B3="","",IFERROR(LOOKUP(2,1/(($R$3:R3=R3)*($E$3:E3<>"")),$E$3:E3),"")) -> Arrangement 1 | V3: =IF(B3="","",IFERROR(LOOKUP(2,1/(($R$3:R3=R3)*($F$3:F3<>"")),$F$3:F3),"")) -> annotationSet 1 | W3: =IF(B3="","",IF(IFERROR(LOOKUP(2,1/(($R$3:R3=R3)*($H$3:H3<>"")),$H$3:H3),"growth")="[none]","",IFERROR(LOOKUP(2,1/(($R$3:R3=R3)*($H$3:H3<>"")),$H$3:H3),"growth"))) -> growth | X3: =IF(B3="","",IFERROR(LOOKUP(2,1/(($R$3:R3=R3)*($I$3:I3<>"")),$I$3:I3),".jpg")) -> .jpg | Y3: =IF(OR(B3="",R3="",S3=""),"","E"&R3&"_"&B3&IF(T3<>"","_"&T3,"")&IF(C3<>"","_"&C3,"")) -> E1_14.08.26_24h | Z3: =IF(B3="","",IF(IFERROR(LOOKUP(2,1/(($R$3:R3=R3)*($G$3:G3<>"")),$G$3:G3),"")="[none]","",IFERROR(LOOKUP(2,1/(($R$3:R3=R3)*($G$3:G3<>"")),$G$3:G3),""))) | AY3: VBA live | AZ3: FALSE
B4: 15.08.26 | C4: 48h | J4: TRUE | K4: =IF(B4="","",COUNTIF(Arrangements!$M$3:$M$92,U4)) -> 24 | L4: =IF(OR(B4="",N4<>"OK"),"",1+SUMIFS($K$3:K3,$N$3:N3,"OK")) -> 25 | M4: =IF(L4="","",L4+K4-1) -> 48 | N4: =IF(B4="","",IF(J4=FALSE,"Excluded",IF(R4="","Missing Exp",IF(NOT(IFERROR(TEXT(DATE(2000+VALUE(RIGHT(B4,2)),VALUE(MID(B4,4,2)),VALUE(LEFT(B4,2))),"dd.mm.yy")=B4,FALSE)),"Invalid date - use dd.mm.yy",IF(U4="","Missing Arrangement",IF(COUNTIF(Arrangements!$M$3:$M$92,U4)=0,"Unknown Arrangement",IF(SUMPRODUCT((Arrangements!$M$3:$M$92=U4)*(Arrangements!$P$3:$P$92<>"OK"))>0,"Arrangement errors",IF(AND(V4<>"",COUNTIF(Annotations!$B$3:$B$46,V4)=0),"Unknown annotationSet",IF(AND(V4<>"",COUNTIFS(Annotations!$B$3:$B$46,V4,Annotations!$F$3:$F$46,"<>OK")>0),"annotationSet errors",IF(K4=0,"No images",IF(COUNTIF($Y$3:$Y$62,Y4)>1,"Duplicate session - change Name or Time",IF(AND(A4<>"",COUNTIF($A$3:$A$62,A4)>1),"Duplicate Exp start","OK")))))))))))) -> OK | O4: =IF(B4="","",B4&IF(T4<>"","_"&T4,"")&IF(C4<>"","_"&C4,"")) -> 15.08.26_48h | P4: LIVE / PAUSED | R4: =IF(B4="","",IFERROR(LOOKUP(2,1/($A$3:A4<>""),$A$3:A4),"")) -> 1 | S4: =IF(B4="","",IF(IFERROR(TEXT(DATE(2000+VALUE(RIGHT(B4,2)),VALUE(MID(B4,4,2)),VALUE(LEFT(B4,2))),"dd.mm.yy")=B4,FALSE),DATE(2000+VALUE(RIGHT(B4,2)),VALUE(MID(B4,4,2)),VALUE(LEFT(B4,2))),"")) -> 46249 | T4: =IF(B4="","",IFERROR(LOOKUP(2,1/(($R$3:R4=R4)*($D$3:D4<>"")),$D$3:D4),"")) | U4: =IF(B4="","",IFERROR(LOOKUP(2,1/(($R$3:R4=R4)*($E$3:E4<>"")),$E$3:E4),"")) -> Arrangement 1 | V4: =IF(B4="","",IFERROR(LOOKUP(2,1/(($R$3:R4=R4)*($F$3:F4<>"")),$F$3:F4),"")) -> annotationSet 1 | W4: =IF(B4="","",IF(IFERROR(LOOKUP(2,1/(($R$3:R4=R4)*($H$3:H4<>"")),$H$3:H4),"growth")="[none]","",IFERROR(LOOKUP(2,1/(($R$3:R4=R4)*($H$3:H4<>"")),$H$3:H4),"growth"))) -> growth | X4: =IF(B4="","",IFERROR(LOOKUP(2,1/(($R$3:R4=R4)*($I$3:I4<>"")),$I$3:I4),".jpg")) -> .jpg | Y4: =IF(OR(B4="",R4="",S4=""),"","E"&R4&"_"&B4&IF(T4<>"","_"&T4,"")&IF(C4<>"","_"&C4,"")) -> E1_15.08.26_48h | Z4: =IF(B4="","",IF(IFERROR(LOOKUP(2,1/(($R$3:R4=R4)*($G$3:G4<>"")),$G$3:G4),"")="[none]","",IFERROR(LOOKUP(2,1/(($R$3:R4=R4)*($G$3:G4<>"")),$G$3:G4),""))) | AY4: Sync pending | AZ4: FALSE
A5: 2 | B5: 16.08.26 | C5: 24h | E5: Arrangement 2 | F5: annotationSet 2 | H5: [none] | I5: .jpg | J5: TRUE | K5: =IF(B5="","",COUNTIF(Arrangements!$M$3:$M$92,U5)) -> 25 | L5: =IF(OR(B5="",N5<>"OK"),"",1+SUMIFS($K$3:K4,$N$3:N4,"OK")) -> 49 | M5: =IF(L5="","",L5+K5-1) -> 73 | N5: =IF(B5="","",IF(J5=FALSE,"Excluded",IF(R5="","Missing Exp",IF(NOT(IFERROR(TEXT(DATE(2000+VALUE(RIGHT(B5,2)),VALUE(MID(B5,4,2)),VALUE(LEFT(B5,2))),"dd.mm.yy")=B5,FALSE)),"Invalid date - use dd.mm.yy",IF(U5="","Missing Arrangement",IF(COUNTIF(Arrangements!$M$3:$M$92,U5)=0,"Unknown Arrangement",IF(SUMPRODUCT((Arrangements!$M$3:$M$92=U5)*(Arrangements!$P$3:$P$92<>"OK"))>0,"Arrangement errors",IF(AND(V5<>"",COUNTIF(Annotations!$B$3:$B$46,V5)=0),"Unknown annotationSet",IF(AND(V5<>"",COUNTIFS(Annotations!$B$3:$B$46,V5,Annotations!$F$3:$F$46,"<>OK")>0),"annotationSet errors",IF(K5=0,"No images",IF(COUNTIF($Y$3:$Y$62,Y5)>1,"Duplicate session - change Name or Time",IF(AND(A5<>"",COUNTIF($A$3:$A$62,A5)>1),"Duplicate Exp start","OK")))))))))))) -> OK | O5: =IF(B5="","",B5&IF(T5<>"","_"&T5,"")&IF(C5<>"","_"&C5,"")) -> 16.08.26_24h | P5: Sync Now | R5: =IF(B5="","",IFERROR(LOOKUP(2,1/($A$3:A5<>""),$A$3:A5),"")) -> 2 | S5: =IF(B5="","",IF(IFERROR(TEXT(DATE(2000+VALUE(RIGHT(B5,2)),VALUE(MID(B5,4,2)),VALUE(LEFT(B5,2))),"dd.mm.yy")=B5,FALSE),DATE(2000+VALUE(RIGHT(B5,2)),VALUE(MID(B5,4,2)),VALUE(LEFT(B5,2))),"")) -> 46250 | T5: =IF(B5="","",IFERROR(LOOKUP(2,1/(($R$3:R5=R5)*($D$3:D5<>"")),$D$3:D5),"")) | U5: =IF(B5="","",IFERROR(LOOKUP(2,1/(($R$3:R5=R5)*($E$3:E5<>"")),$E$3:E5),"")) -> Arrangement 2 | V5: =IF(B5="","",IFERROR(LOOKUP(2,1/(($R$3:R5=R5)*($F$3:F5<>"")),$F$3:F5),"")) -> annotationSet 2 | W5: =IF(B5="","",IF(IFERROR(LOOKUP(2,1/(($R$3:R5=R5)*($H$3:H5<>"")),$H$3:H5),"growth")="[none]","",IFERROR(LOOKUP(2,1/(($R$3:R5=R5)*($H$3:H5<>"")),$H$3:H5),"growth"))) | X5: =IF(B5="","",IFERROR(LOOKUP(2,1/(($R$3:R5=R5)*($I$3:I5<>"")),$I$3:I5),".jpg")) -> .jpg | Y5: =IF(OR(B5="",R5="",S5=""),"","E"&R5&"_"&B5&IF(T5<>"","_"&T5,"")&IF(C5<>"","_"&C5,"")) -> E2_16.08.26_24h | Z5: =IF(B5="","",IF(IFERROR(LOOKUP(2,1/(($R$3:R5=R5)*($G$3:G5<>"")),$G$3:G5),"")="[none]","",IFERROR(LOOKUP(2,1/(($R$3:R5=R5)*($G$3:G5<>"")),$G$3:G5),""))) | AY5: Capacity row | AZ5: 62
B6: 17.08.26 | C6: 48h | J6: TRUE | K6: =IF(B6="","",COUNTIF(Arrangements!$M$3:$M$92,U6)) -> 25 | L6: =IF(OR(B6="",N6<>"OK"),"",1+SUMIFS($K$3:K5,$N$3:N5,"OK")) -> 74 | M6: =IF(L6="","",L6+K6-1) -> 98 | N6: =IF(B6="","",IF(J6=FALSE,"Excluded",IF(R6="","Missing Exp",IF(NOT(IFERROR(TEXT(DATE(2000+VALUE(RIGHT(B6,2)),VALUE(MID(B6,4,2)),VALUE(LEFT(B6,2))),"dd.mm.yy")=B6,FALSE)),"Invalid date - use dd.mm.yy",IF(U6="","Missing Arrangement",IF(COUNTIF(Arrangements!$M$3:$M$92,U6)=0,"Unknown Arrangement",IF(SUMPRODUCT((Arrangements!$M$3:$M$92=U6)*(Arrangements!$P$3:$P$92<>"OK"))>0,"Arrangement errors",IF(AND(V6<>"",COUNTIF(Annotations!$B$3:$B$46,V6)=0),"Unknown annotationSet",IF(AND(V6<>"",COUNTIFS(Annotations!$B$3:$B$46,V6,Annotations!$F$3:$F$46,"<>OK")>0),"annotationSet errors",IF(K6=0,"No images",IF(COUNTIF($Y$3:$Y$62,Y6)>1,"Duplicate session - change Name or Time",IF(AND(A6<>"",COUNTIF($A$3:$A$62,A6)>1),"Duplicate Exp start","OK")))))))))))) -> OK | O6: =IF(B6="","",B6&IF(T6<>"","_"&T6,"")&IF(C6<>"","_"&C6,"")) -> 17.08.26_48h | P6: Legend (bottom) | R6: =IF(B6="","",IFERROR(LOOKUP(2,1/($A$3:A6<>""),$A$3:A6),"")) -> 2 | S6: =IF(B6="","",IF(IFERROR(TEXT(DATE(2000+VALUE(RIGHT(B6,2)),VALUE(MID(B6,4,2)),VALUE(LEFT(B6,2))),"dd.mm.yy")=B6,FALSE),DATE(2000+VALUE(RIGHT(B6,2)),VALUE(MID(B6,4,2)),VALUE(LEFT(B6,2))),"")) -> 46251 | T6: =IF(B6="","",IFERROR(LOOKUP(2,1/(($R$3:R6=R6)*($D$3:D6<>"")),$D$3:D6),"")) | U6: =IF(B6="","",IFERROR(LOOKUP(2,1/(($R$3:R6=R6)*($E$3:E6<>"")),$E$3:E6),"")) -> Arrangement 2 | V6: =IF(B6="","",IFERROR(LOOKUP(2,1/(($R$3:R6=R6)*($F$3:F6<>"")),$F$3:F6),"")) -> annotationSet 2 | W6: =IF(B6="","",IF(IFERROR(LOOKUP(2,1/(($R$3:R6=R6)*($H$3:H6<>"")),$H$3:H6),"growth")="[none]","",IFERROR(LOOKUP(2,1/(($R$3:R6=R6)*($H$3:H6<>"")),$H$3:H6),"growth"))) | X6: =IF(B6="","",IFERROR(LOOKUP(2,1/(($R$3:R6=R6)*($I$3:I6<>"")),$I$3:I6),".jpg")) -> .jpg | Y6: =IF(OR(B6="",R6="",S6=""),"","E"&R6&"_"&B6&IF(T6<>"","_"&T6,"")&IF(C6<>"","_"&C6,"")) -> E2_17.08.26_48h | Z6: =IF(B6="","",IF(IFERROR(LOOKUP(2,1/(($R$3:R6=R6)*($G$3:G6<>"")),$G$3:G6),"")="[none]","",IFERROR(LOOKUP(2,1/(($R$3:R6=R6)*($G$3:G6<>"")),$G$3:G6),"")))
K7: =IF(B7="","",COUNTIF(Arrangements!$M$3:$M$92,U7)) | L7: =IF(OR(B7="",N7<>"OK"),"",1+SUMIFS($K$3:K6,$N$3:N6,"OK")) | M7: =IF(L7="","",L7+K7-1) | N7: =IF(B7="","",IF(J7=FALSE,"Excluded",IF(R7="","Missing Exp",IF(NOT(IFERROR(TEXT(DATE(2000+VALUE(RIGHT(B7,2)),VALUE(MID(B7,4,2)),VALUE(LEFT(B7,2))),"dd.mm.yy")=B7,FALSE)),"Invalid date - use dd.mm.yy",IF(U7="","Missing Arrangement",IF(COUNTIF(Arrangements!$M$3:$M$92,U7)=0,"Unknown Arrangement",IF(SUMPRODUCT((Arrangements!$M$3:$M$92=U7)*(Arrangements!$P$3:$P$92<>"OK"))>0,"Arrangement errors",IF(AND(V7<>"",COUNTIF(Annotations!$B$3:$B$46,V7)=0),"Unknown annotationSet",IF(AND(V7<>"",COUNTIFS(Annotations!$B$3:$B$46,V7,Annotations!$F$3:$F$46,"<>OK")>0),"annotationSet errors",IF(K7=0,"No images",IF(COUNTIF($Y$3:$Y$62,Y7)>1,"Duplicate session - change Name or Time",IF(AND(A7<>"",COUNTIF($A$3:$A$62,A7)>1),"Duplicate Exp start","OK")))))))))))) | O7: =IF(B7="","",B7&IF(T7<>"","_"&T7,"")&IF(C7<>"","_"&C7,"")) | R7: =IF(B7="","",IFERROR(LOOKUP(2,1/($A$3:A7<>""),$A$3:A7),"")) | S7: =IF(B7="","",IF(IFERROR(TEXT(DATE(2000+VALUE(RIGHT(B7,2)),VALUE(MID(B7,4,2)),VALUE(LEFT(B7,2))),"dd.mm.yy")=B7,FALSE),DATE(2000+VALUE(RIGHT(B7,2)),VALUE(MID(B7,4,2)),VALUE(LEFT(B7,2))),"")) | T7: =IF(B7="","",IFERROR(LOOKUP(2,1/(($R$3:R7=R7)*($D$3:D7<>"")),$D$3:D7),"")) | U7: =IF(B7="","",IFERROR(LOOKUP(2,1/(($R$3:R7=R7)*($E$3:E7<>"")),$E$3:E7),"")) | V7: =IF(B7="","",IFERROR(LOOKUP(2,1/(($R$3:R7=R7)*($F$3:F7<>"")),$F$3:F7),"")) | W7: =IF(B7="","",IF(IFERROR(LOOKUP(2,1/(($R$3:R7=R7)*($H$3:H7<>"")),$H$3:H7),"growth")="[none]","",IFERROR(LOOKUP(2,1/(($R$3:R7=R7)*($H$3:H7<>"")),$H$3:H7),"growth"))) | X7: =IF(B7="","",IFERROR(LOOKUP(2,1/(($R$3:R7=R7)*($I$3:I7<>"")),$I$3:I7),".jpg")) | Y7: =IF(OR(B7="",R7="",S7=""),"","E"&R7&"_"&B7&IF(T7<>"","_"&T7,"")&IF(C7<>"","_"&C7,"")) | Z7: =IF(B7="","",IF(IFERROR(LOOKUP(2,1/(($R$3:R7=R7)*($G$3:G7<>"")),$G$3:G7),"")="[none]","",IFERROR(LOOKUP(2,1/(($R$3:R7=R7)*($G$3:G7<>"")),$G$3:G7),"")))
K8: =IF(B8="","",COUNTIF(Arrangements!$M$3:$M$92,U8)) | L8: =IF(OR(B8="",N8<>"OK"),"",1+SUMIFS($K$3:K7,$N$3:N7,"OK")) | M8: =IF(L8="","",L8+K8-1) | N8: =IF(B8="","",IF(J8=FALSE,"Excluded",IF(R8="","Missing Exp",IF(NOT(IFERROR(TEXT(DATE(2000+VALUE(RIGHT(B8,2)),VALUE(MID(B8,4,2)),VALUE(LEFT(B8,2))),"dd.mm.yy")=B8,FALSE)),"Invalid date - use dd.mm.yy",IF(U8="","Missing Arrangement",IF(COUNTIF(Arrangements!$M$3:$M$92,U8)=0,"Unknown Arrangement",IF(SUMPRODUCT((Arrangements!$M$3:$M$92=U8)*(Arrangements!$P$3:$P$92<>"OK"))>0,"Arrangement errors",IF(AND(V8<>"",COUNTIF(Annotations!$B$3:$B$46,V8)=0),"Unknown annotationSet",IF(AND(V8<>"",COUNTIFS(Annotations!$B$3:$B$46,V8,Annotations!$F$3:$F$46,"<>OK")>0),"annotationSet errors",IF(K8=0,"No images",IF(COUNTIF($Y$3:$Y$62,Y8)>1,"Duplicate session - change Name or Time",IF(AND(A8<>"",COUNTIF($A$3:$A$62,A8)>1),"Duplicate Exp start","OK")))))))))))) | O8: =IF(B8="","",B8&IF(T8<>"","_"&T8,"")&IF(C8<>"","_"&C8,"")) | R8: =IF(B8="","",IFERROR(LOOKUP(2,1/($A$3:A8<>""),$A$3:A8),"")) | S8: =IF(B8="","",IF(IFERROR(TEXT(DATE(2000+VALUE(RIGHT(B8,2)),VALUE(MID(B8,4,2)),VALUE(LEFT(B8,2))),"dd.mm.yy")=B8,FALSE),DATE(2000+VALUE(RIGHT(B8,2)),VALUE(MID(B8,4,2)),VALUE(LEFT(B8,2))),"")) | T8: =IF(B8="","",IFERROR(LOOKUP(2,1/(($R$3:R8=R8)*($D$3:D8<>"")),$D$3:D8),"")) | U8: =IF(B8="","",IFERROR(LOOKUP(2,1/(($R$3:R8=R8)*($E$3:E8<>"")),$E$3:E8),"")) | V8: =IF(B8="","",IFERROR(LOOKUP(2,1/(($R$3:R8=R8)*($F$3:F8<>"")),$F$3:F8),"")) | W8: =IF(B8="","",IF(IFERROR(LOOKUP(2,1/(($R$3:R8=R8)*($H$3:H8<>"")),$H$3:H8),"growth")="[none]","",IFERROR(LOOKUP(2,1/(($R$3:R8=R8)*($H$3:H8<>"")),$H$3:H8),"growth"))) | X8: =IF(B8="","",IFERROR(LOOKUP(2,1/(($R$3:R8=R8)*($I$3:I8<>"")),$I$3:I8),".jpg")) | Y8: =IF(OR(B8="",R8="",S8=""),"","E"&R8&"_"&B8&IF(T8<>"","_"&T8,"")&IF(C8<>"","_"&C8,"")) | Z8: =IF(B8="","",IF(IFERROR(LOOKUP(2,1/(($R$3:R8=R8)*($G$3:G8<>"")),$G$3:G8),"")="[none]","",IFERROR(LOOKUP(2,1/(($R$3:R8=R8)*($G$3:G8<>"")),$G$3:G8),"")))
K9: =IF(B9="","",COUNTIF(Arrangements!$M$3:$M$92,U9)) | L9: =IF(OR(B9="",N9<>"OK"),"",1+SUMIFS($K$3:K8,$N$3:N8,"OK")) | M9: =IF(L9="","",L9+K9-1) | N9: =IF(B9="","",IF(J9=FALSE,"Excluded",IF(R9="","Missing Exp",IF(NOT(IFERROR(TEXT(DATE(2000+VALUE(RIGHT(B9,2)),VALUE(MID(B9,4,2)),VALUE(LEFT(B9,2))),"dd.mm.yy")=B9,FALSE)),"Invalid date - use dd.mm.yy",IF(U9="","Missing Arrangement",IF(COUNTIF(Arrangements!$M$3:$M$92,U9)=0,"Unknown Arrangement",IF(SUMPRODUCT((Arrangements!$M$3:$M$92=U9)*(Arrangements!$P$3:$P$92<>"OK"))>0,"Arrangement errors",IF(AND(V9<>"",COUNTIF(Annotations!$B$3:$B$46,V9)=0),"Unknown annotationSet",IF(AND(V9<>"",COUNTIFS(Annotations!$B$3:$B$46,V9,Annotations!$F$3:$F$46,"<>OK")>0),"annotationSet errors",IF(K9=0,"No images",IF(COUNTIF($Y$3:$Y$62,Y9)>1,"Duplicate session - change Name or Time",IF(AND(A9<>"",COUNTIF($A$3:$A$62,A9)>1),"Duplicate Exp start","OK")))))))))))) | O9: =IF(B9="","",B9&IF(T9<>"","_"&T9,"")&IF(C9<>"","_"&C9,"")) | R9: =IF(B9="","",IFERROR(LOOKUP(2,1/($A$3:A9<>""),$A$3:A9),"")) | S9: =IF(B9="","",IF(IFERROR(TEXT(DATE(2000+VALUE(RIGHT(B9,2)),VALUE(MID(B9,4,2)),VALUE(LEFT(B9,2))),"dd.mm.yy")=B9,FALSE),DATE(2000+VALUE(RIGHT(B9,2)),VALUE(MID(B9,4,2)),VALUE(LEFT(B9,2))),"")) | T9: =IF(B9="","",IFERROR(LOOKUP(2,1/(($R$3:R9=R9)*($D$3:D9<>"")),$D$3:D9),"")) | U9: =IF(B9="","",IFERROR(LOOKUP(2,1/(($R$3:R9=R9)*($E$3:E9<>"")),$E$3:E9),"")) | V9: =IF(B9="","",IFERROR(LOOKUP(2,1/(($R$3:R9=R9)*($F$3:F9<>"")),$F$3:F9),"")) | W9: =IF(B9="","",IF(IFERROR(LOOKUP(2,1/(($R$3:R9=R9)*($H$3:H9<>"")),$H$3:H9),"growth")="[none]","",IFERROR(LOOKUP(2,1/(($R$3:R9=R9)*($H$3:H9<>"")),$H$3:H9),"growth"))) | X9: =IF(B9="","",IFERROR(LOOKUP(2,1/(($R$3:R9=R9)*($I$3:I9<>"")),$I$3:I9),".jpg")) | Y9: =IF(OR(B9="",R9="",S9=""),"","E"&R9&"_"&B9&IF(T9<>"","_"&T9,"")&IF(C9<>"","_"&C9,"")) | Z9: =IF(B9="","",IF(IFERROR(LOOKUP(2,1/(($R$3:R9=R9)*($G$3:G9<>"")),$G$3:G9),"")="[none]","",IFERROR(LOOKUP(2,1/(($R$3:R9=R9)*($G$3:G9<>"")),$G$3:G9),"")))
K10: =IF(B10="","",COUNTIF(Arrangements!$M$3:$M$92,U10)) | L10: =IF(OR(B10="",N10<>"OK"),"",1+SUMIFS($K$3:K9,$N$3:N9,"OK")) | M10: =IF(L10="","",L10+K10-1) | N10: =IF(B10="","",IF(J10=FALSE,"Excluded",IF(R10="","Missing Exp",IF(NOT(IFERROR(TEXT(DATE(2000+VALUE(RIGHT(B10,2)),VALUE(MID(B10,4,2)),VALUE(LEFT(B10,2))),"dd.mm.yy")=B10,FALSE)),"Invalid date - use dd.mm.yy",IF(U10="","Missing Arrangement",IF(COUNTIF(Arrangements!$M$3:$M$92,U10)=0,"Unknown Arrangement",IF(SUMPRODUCT((Arrangements!$M$3:$M$92=U10)*(Arrangements!$P$3:$P$92<>"OK"))>0,"Arrangement errors",IF(AND(V10<>"",COUNTIF(Annotations!$B$3:$B$46,V10)=0),"Unknown annotationSet",IF(AND(V10<>"",COUNTIFS(Annotations!$B$3:$B$46,V10,Annotations!$F$3:$F$46,"<>OK")>0),"annotationSet errors",IF(K10=0,"No images",IF(COUNTIF($Y$3:$Y$62,Y10)>1,"Duplicate session - change Name or Time",IF(AND(A10<>"",COUNTIF($A$3:$A$62,A10)>1),"Duplicate Exp start","OK")))))))))))) | O10: =IF(B10="","",B10&IF(T10<>"","_"&T10,"")&IF(C10<>"","_"&C10,"")) | R10: =IF(B10="","",IFERROR(LOOKUP(2,1/($A$3:A10<>""),$A$3:A10),"")) | S10: =IF(B10="","",IF(IFERROR(TEXT(DATE(2000+VALUE(RIGHT(B10,2)),VALUE(MID(B10,4,2)),VALUE(LEFT(B10,2))),"dd.mm.yy")=B10,FALSE),DATE(2000+VALUE(RIGHT(B10,2)),VALUE(MID(B10,4,2)),VALUE(LEFT(B10,2))),"")) | T10: =IF(B10="","",IFERROR(LOOKUP(2,1/(($R$3:R10=R10)*($D$3:D10<>"")),$D$3:D10),"")) | U10: =IF(B10="","",IFERROR(LOOKUP(2,1/(($R$3:R10=R10)*($E$3:E10<>"")),$E$3:E10),"")) | V10: =IF(B10="","",IFERROR(LOOKUP(2,1/(($R$3:R10=R10)*($F$3:F10<>"")),$F$3:F10),"")) | W10: =IF(B10="","",IF(IFERROR(LOOKUP(2,1/(($R$3:R10=R10)*($H$3:H10<>"")),$H$3:H10),"growth")="[none]","",IFERROR(LOOKUP(2,1/(($R$3:R10=R10)*($H$3:H10<>"")),$H$3:H10),"growth"))) | X10: =IF(B10="","",IFERROR(LOOKUP(2,1/(($R$3:R10=R10)*($I$3:I10<>"")),$I$3:I10),".jpg")) | Y10: =IF(OR(B10="",R10="",S10=""),"","E"&R10&"_"&B10&IF(T10<>"","_"&T10,"")&IF(C10<>"","_"&C10,"")) | Z10: =IF(B10="","",IF(IFERROR(LOOKUP(2,1/(($R$3:R10=R10)*($G$3:G10<>"")),$G$3:G10),"")="[none]","",IFERROR(LOOKUP(2,1/(($R$3:R10=R10)*($G$3:G10<>"")),$G$3:G10),"")))
K11: =IF(B11="","",COUNTIF(Arrangements!$M$3:$M$92,U11)) | L11: =IF(OR(B11="",N11<>"OK"),"",1+SUMIFS($K$3:K10,$N$3:N10,"OK")) | M11: =IF(L11="","",L11+K11-1) | N11: =IF(B11="","",IF(J11=FALSE,"Excluded",IF(R11="","Missing Exp",IF(NOT(IFERROR(TEXT(DATE(2000+VALUE(RIGHT(B11,2)),VALUE(MID(B11,4,2)),VALUE(LEFT(B11,2))),"dd.mm.yy")=B11,FALSE)),"Invalid date - use dd.mm.yy",IF(U11="","Missing Arrangement",IF(COUNTIF(Arrangements!$M$3:$M$92,U11)=0,"Unknown Arrangement",IF(SUMPRODUCT((Arrangements!$M$3:$M$92=U11)*(Arrangements!$P$3:$P$92<>"OK"))>0,"Arrangement errors",IF(AND(V11<>"",COUNTIF(Annotations!$B$3:$B$46,V11)=0),"Unknown annotationSet",IF(AND(V11<>"",COUNTIFS(Annotations!$B$3:$B$46,V11,Annotations!$F$3:$F$46,"<>OK")>0),"annotationSet errors",IF(K11=0,"No images",IF(COUNTIF($Y$3:$Y$62,Y11)>1,"Duplicate session - change Name or Time",IF(AND(A11<>"",COUNTIF($A$3:$A$62,A11)>1),"Duplicate Exp start","OK")))))))))))) | O11: =IF(B11="","",B11&IF(T11<>"","_"&T11,"")&IF(C11<>"","_"&C11,"")) | R11: =IF(B11="","",IFERROR(LOOKUP(2,1/($A$3:A11<>""),$A$3:A11),"")) | S11: =IF(B11="","",IF(IFERROR(TEXT(DATE(2000+VALUE(RIGHT(B11,2)),VALUE(MID(B11,4,2)),VALUE(LEFT(B11,2))),"dd.mm.yy")=B11,FALSE),DATE(2000+VALUE(RIGHT(B11,2)),VALUE(MID(B11,4,2)),VALUE(LEFT(B11,2))),"")) | T11: =IF(B11="","",IFERROR(LOOKUP(2,1/(($R$3:R11=R11)*($D$3:D11<>"")),$D$3:D11),"")) | U11: =IF(B11="","",IFERROR(LOOKUP(2,1/(($R$3:R11=R11)*($E$3:E11<>"")),$E$3:E11),"")) | V11: =IF(B11="","",IFERROR(LOOKUP(2,1/(($R$3:R11=R11)*($F$3:F11<>"")),$F$3:F11),"")) | W11: =IF(B11="","",IF(IFERROR(LOOKUP(2,1/(($R$3:R11=R11)*($H$3:H11<>"")),$H$3:H11),"growth")="[none]","",IFERROR(LOOKUP(2,1/(($R$3:R11=R11)*($H$3:H11<>"")),$H$3:H11),"growth"))) | X11: =IF(B11="","",IFERROR(LOOKUP(2,1/(($R$3:R11=R11)*($I$3:I11<>"")),$I$3:I11),".jpg")) | Y11: =IF(OR(B11="",R11="",S11=""),"","E"&R11&"_"&B11&IF(T11<>"","_"&T11,"")&IF(C11<>"","_"&C11,"")) | Z11: =IF(B11="","",IF(IFERROR(LOOKUP(2,1/(($R$3:R11=R11)*($G$3:G11<>"")),$G$3:G11),"")="[none]","",IFERROR(LOOKUP(2,1/(($R$3:R11=R11)*($G$3:G11<>"")),$G$3:G11),"")))
K12: =IF(B12="","",COUNTIF(Arrangements!$M$3:$M$92,U12)) | L12: =IF(OR(B12="",N12<>"OK"),"",1+SUMIFS($K$3:K11,$N$3:N11,"OK")) | M12: =IF(L12="","",L12+K12-1) | N12: =IF(B12="","",IF(J12=FALSE,"Excluded",IF(R12="","Missing Exp",IF(NOT(IFERROR(TEXT(DATE(2000+VALUE(RIGHT(B12,2)),VALUE(MID(B12,4,2)),VALUE(LEFT(B12,2))),"dd.mm.yy")=B12,FALSE)),"Invalid date - use dd.mm.yy",IF(U12="","Missing Arrangement",IF(COUNTIF(Arrangements!$M$3:$M$92,U12)=0,"Unknown Arrangement",IF(SUMPRODUCT((Arrangements!$M$3:$M$92=U12)*(Arrangements!$P$3:$P$92<>"OK"))>0,"Arrangement errors",IF(AND(V12<>"",COUNTIF(Annotations!$B$3:$B$46,V12)=0),"Unknown annotationSet",IF(AND(V12<>"",COUNTIFS(Annotations!$B$3:$B$46,V12,Annotations!$F$3:$F$46,"<>OK")>0),"annotationSet errors",IF(K12=0,"No images",IF(COUNTIF($Y$3:$Y$62,Y12)>1,"Duplicate session - change Name or Time",IF(AND(A12<>"",COUNTIF($A$3:$A$62,A12)>1),"Duplicate Exp start","OK")))))))))))) | O12: =IF(B12="","",B12&IF(T12<>"","_"&T12,"")&IF(C12<>"","_"&C12,"")) | R12: =IF(B12="","",IFERROR(LOOKUP(2,1/($A$3:A12<>""),$A$3:A12),"")) | S12: =IF(B12="","",IF(IFERROR(TEXT(DATE(2000+VALUE(RIGHT(B12,2)),VALUE(MID(B12,4,2)),VALUE(LEFT(B12,2))),"dd.mm.yy")=B12,FALSE),DATE(2000+VALUE(RIGHT(B12,2)),VALUE(MID(B12,4,2)),VALUE(LEFT(B12,2))),"")) | T12: =IF(B12="","",IFERROR(LOOKUP(2,1/(($R$3:R12=R12)*($D$3:D12<>"")),$D$3:D12),"")) | U12: =IF(B12="","",IFERROR(LOOKUP(2,1/(($R$3:R12=R12)*($E$3:E12<>"")),$E$3:E12),"")) | V12: =IF(B12="","",IFERROR(LOOKUP(2,1/(($R$3:R12=R12)*($F$3:F12<>"")),$F$3:F12),"")) | W12: =IF(B12="","",IF(IFERROR(LOOKUP(2,1/(($R$3:R12=R12)*($H$3:H12<>"")),$H$3:H12),"growth")="[none]","",IFERROR(LOOKUP(2,1/(($R$3:R12=R12)*($H$3:H12<>"")),$H$3:H12),"growth"))) | X12: =IF(B12="","",IFERROR(LOOKUP(2,1/(($R$3:R12=R12)*($I$3:I12<>"")),$I$3:I12),".jpg")) | Y12: =IF(OR(B12="",R12="",S12=""),"","E"&R12&"_"&B12&IF(T12<>"","_"&T12,"")&IF(C12<>"","_"&C12,"")) | Z12: =IF(B12="","",IF(IFERROR(LOOKUP(2,1/(($R$3:R12=R12)*($G$3:G12<>"")),$G$3:G12),"")="[none]","",IFERROR(LOOKUP(2,1/(($R$3:R12=R12)*($G$3:G12<>"")),$G$3:G12),"")))
K13: =IF(B13="","",COUNTIF(Arrangements!$M$3:$M$92,U13)) | L13: =IF(OR(B13="",N13<>"OK"),"",1+SUMIFS($K$3:K12,$N$3:N12,"OK")) | M13: =IF(L13="","",L13+K13-1) | N13: =IF(B13="","",IF(J13=FALSE,"Excluded",IF(R13="","Missing Exp",IF(NOT(IFERROR(TEXT(DATE(2000+VALUE(RIGHT(B13,2)),VALUE(MID(B13,4,2)),VALUE(LEFT(B13,2))),"dd.mm.yy")=B13,FALSE)),"Invalid date - use dd.mm.yy",IF(U13="","Missing Arrangement",IF(COUNTIF(Arrangements!$M$3:$M$92,U13)=0,"Unknown Arrangement",IF(SUMPRODUCT((Arrangements!$M$3:$M$92=U13)*(Arrangements!$P$3:$P$92<>"OK"))>0,"Arrangement errors",IF(AND(V13<>"",COUNTIF(Annotations!$B$3:$B$46,V13)=0),"Unknown annotationSet",IF(AND(V13<>"",COUNTIFS(Annotations!$B$3:$B$46,V13,Annotations!$F$3:$F$46,"<>OK")>0),"annotationSet errors",IF(K13=0,"No images",IF(COUNTIF($Y$3:$Y$62,Y13)>1,"Duplicate session - change Name or Time",IF(AND(A13<>"",COUNTIF($A$3:$A$62,A13)>1),"Duplicate Exp start","OK")))))))))))) | O13: =IF(B13="","",B13&IF(T13<>"","_"&T13,"")&IF(C13<>"","_"&C13,"")) | R13: =IF(B13="","",IFERROR(LOOKUP(2,1/($A$3:A13<>""),$A$3:A13),"")) | S13: =IF(B13="","",IF(IFERROR(TEXT(DATE(2000+VALUE(RIGHT(B13,2)),VALUE(MID(B13,4,2)),VALUE(LEFT(B13,2))),"dd.mm.yy")=B13,FALSE),DATE(2000+VALUE(RIGHT(B13,2)),VALUE(MID(B13,4,2)),VALUE(LEFT(B13,2))),"")) | T13: =IF(B13="","",IFERROR(LOOKUP(2,1/(($R$3:R13=R13)*($D$3:D13<>"")),$D$3:D13),"")) | U13: =IF(B13="","",IFERROR(LOOKUP(2,1/(($R$3:R13=R13)*($E$3:E13<>"")),$E$3:E13),"")) | V13: =IF(B13="","",IFERROR(LOOKUP(2,1/(($R$3:R13=R13)*($F$3:F13<>"")),$F$3:F13),"")) | W13: =IF(B13="","",IF(IFERROR(LOOKUP(2,1/(($R$3:R13=R13)*($H$3:H13<>"")),$H$3:H13),"growth")="[none]","",IFERROR(LOOKUP(2,1/(($R$3:R13=R13)*($H$3:H13<>"")),$H$3:H13),"growth"))) | X13: =IF(B13="","",IFERROR(LOOKUP(2,1/(($R$3:R13=R13)*($I$3:I13<>"")),$I$3:I13),".jpg")) | Y13: =IF(OR(B13="",R13="",S13=""),"","E"&R13&"_"&B13&IF(T13<>"","_"&T13,"")&IF(C13<>"","_"&C13,"")) | Z13: =IF(B13="","",IF(IFERROR(LOOKUP(2,1/(($R$3:R13=R13)*($G$3:G13<>"")),$G$3:G13),"")="[none]","",IFERROR(LOOKUP(2,1/(($R$3:R13=R13)*($G$3:G13<>"")),$G$3:G13),"")))
K14: =IF(B14="","",COUNTIF(Arrangements!$M$3:$M$92,U14)) | L14: =IF(OR(B14="",N14<>"OK"),"",1+SUMIFS($K$3:K13,$N$3:N13,"OK")) | M14: =IF(L14="","",L14+K14-1) | N14: =IF(B14="","",IF(J14=FALSE,"Excluded",IF(R14="","Missing Exp",IF(NOT(IFERROR(TEXT(DATE(2000+VALUE(RIGHT(B14,2)),VALUE(MID(B14,4,2)),VALUE(LEFT(B14,2))),"dd.mm.yy")=B14,FALSE)),"Invalid date - use dd.mm.yy",IF(U14="","Missing Arrangement",IF(COUNTIF(Arrangements!$M$3:$M$92,U14)=0,"Unknown Arrangement",IF(SUMPRODUCT((Arrangements!$M$3:$M$92=U14)*(Arrangements!$P$3:$P$92<>"OK"))>0,"Arrangement errors",IF(AND(V14<>"",COUNTIF(Annotations!$B$3:$B$46,V14)=0),"Unknown annotationSet",IF(AND(V14<>"",COUNTIFS(Annotations!$B$3:$B$46,V14,Annotations!$F$3:$F$46,"<>OK")>0),"annotationSet errors",IF(K14=0,"No images",IF(COUNTIF($Y$3:$Y$62,Y14)>1,"Duplicate session - change Name or Time",IF(AND(A14<>"",COUNTIF($A$3:$A$62,A14)>1),"Duplicate Exp start","OK")))))))))))) | O14: =IF(B14="","",B14&IF(T14<>"","_"&T14,"")&IF(C14<>"","_"&C14,"")) | R14: =IF(B14="","",IFERROR(LOOKUP(2,1/($A$3:A14<>""),$A$3:A14),"")) | S14: =IF(B14="","",IF(IFERROR(TEXT(DATE(2000+VALUE(RIGHT(B14,2)),VALUE(MID(B14,4,2)),VALUE(LEFT(B14,2))),"dd.mm.yy")=B14,FALSE),DATE(2000+VALUE(RIGHT(B14,2)),VALUE(MID(B14,4,2)),VALUE(LEFT(B14,2))),"")) | T14: =IF(B14="","",IFERROR(LOOKUP(2,1/(($R$3:R14=R14)*($D$3:D14<>"")),$D$3:D14),"")) | U14: =IF(B14="","",IFERROR(LOOKUP(2,1/(($R$3:R14=R14)*($E$3:E14<>"")),$E$3:E14),"")) | V14: =IF(B14="","",IFERROR(LOOKUP(2,1/(($R$3:R14=R14)*($F$3:F14<>"")),$F$3:F14),"")) | W14: =IF(B14="","",IF(IFERROR(LOOKUP(2,1/(($R$3:R14=R14)*($H$3:H14<>"")),$H$3:H14),"growth")="[none]","",IFERROR(LOOKUP(2,1/(($R$3:R14=R14)*($H$3:H14<>"")),$H$3:H14),"growth"))) | X14: =IF(B14="","",IFERROR(LOOKUP(2,1/(($R$3:R14=R14)*($I$3:I14<>"")),$I$3:I14),".jpg")) | Y14: =IF(OR(B14="",R14="",S14=""),"","E"&R14&"_"&B14&IF(T14<>"","_"&T14,"")&IF(C14<>"","_"&C14,"")) | Z14: =IF(B14="","",IF(IFERROR(LOOKUP(2,1/(($R$3:R14=R14)*($G$3:G14<>"")),$G$3:G14),"")="[none]","",IFERROR(LOOKUP(2,1/(($R$3:R14=R14)*($G$3:G14<>"")),$G$3:G14),"")))
K15: =IF(B15="","",COUNTIF(Arrangements!$M$3:$M$92,U15)) | L15: =IF(OR(B15="",N15<>"OK"),"",1+SUMIFS($K$3:K14,$N$3:N14,"OK")) | M15: =IF(L15="","",L15+K15-1) | N15: =IF(B15="","",IF(J15=FALSE,"Excluded",IF(R15="","Missing Exp",IF(NOT(IFERROR(TEXT(DATE(2000+VALUE(RIGHT(B15,2)),VALUE(MID(B15,4,2)),VALUE(LEFT(B15,2))),"dd.mm.yy")=B15,FALSE)),"Invalid date - use dd.mm.yy",IF(U15="","Missing Arrangement",IF(COUNTIF(Arrangements!$M$3:$M$92,U15)=0,"Unknown Arrangement",IF(SUMPRODUCT((Arrangements!$M$3:$M$92=U15)*(Arrangements!$P$3:$P$92<>"OK"))>0,"Arrangement errors",IF(AND(V15<>"",COUNTIF(Annotations!$B$3:$B$46,V15)=0),"Unknown annotationSet",IF(AND(V15<>"",COUNTIFS(Annotations!$B$3:$B$46,V15,Annotations!$F$3:$F$46,"<>OK")>0),"annotationSet errors",IF(K15=0,"No images",IF(COUNTIF($Y$3:$Y$62,Y15)>1,"Duplicate session - change Name or Time",IF(AND(A15<>"",COUNTIF($A$3:$A$62,A15)>1),"Duplicate Exp start","OK")))))))))))) | O15: =IF(B15="","",B15&IF(T15<>"","_"&T15,"")&IF(C15<>"","_"&C15,"")) | R15: =IF(B15="","",IFERROR(LOOKUP(2,1/($A$3:A15<>""),$A$3:A15),"")) | S15: =IF(B15="","",IF(IFERROR(TEXT(DATE(2000+VALUE(RIGHT(B15,2)),VALUE(MID(B15,4,2)),VALUE(LEFT(B15,2))),"dd.mm.yy")=B15,FALSE),DATE(2000+VALUE(RIGHT(B15,2)),VALUE(MID(B15,4,2)),VALUE(LEFT(B15,2))),"")) | T15: =IF(B15="","",IFERROR(LOOKUP(2,1/(($R$3:R15=R15)*($D$3:D15<>"")),$D$3:D15),"")) | U15: =IF(B15="","",IFERROR(LOOKUP(2,1/(($R$3:R15=R15)*($E$3:E15<>"")),$E$3:E15),"")) | V15: =IF(B15="","",IFERROR(LOOKUP(2,1/(($R$3:R15=R15)*($F$3:F15<>"")),$F$3:F15),"")) | W15: =IF(B15="","",IF(IFERROR(LOOKUP(2,1/(($R$3:R15=R15)*($H$3:H15<>"")),$H$3:H15),"growth")="[none]","",IFERROR(LOOKUP(2,1/(($R$3:R15=R15)*($H$3:H15<>"")),$H$3:H15),"growth"))) | X15: =IF(B15="","",IFERROR(LOOKUP(2,1/(($R$3:R15=R15)*($I$3:I15<>"")),$I$3:I15),".jpg")) | Y15: =IF(OR(B15="",R15="",S15=""),"","E"&R15&"_"&B15&IF(T15<>"","_"&T15,"")&IF(C15<>"","_"&C15,"")) | Z15: =IF(B15="","",IF(IFERROR(LOOKUP(2,1/(($R$3:R15=R15)*($G$3:G15<>"")),$G$3:G15),"")="[none]","",IFERROR(LOOKUP(2,1/(($R$3:R15=R15)*($G$3:G15<>"")),$G$3:G15),"")))
K16: =IF(B16="","",COUNTIF(Arrangements!$M$3:$M$92,U16)) | L16: =IF(OR(B16="",N16<>"OK"),"",1+SUMIFS($K$3:K15,$N$3:N15,"OK")) | M16: =IF(L16="","",L16+K16-1) | N16: =IF(B16="","",IF(J16=FALSE,"Excluded",IF(R16="","Missing Exp",IF(NOT(IFERROR(TEXT(DATE(2000+VALUE(RIGHT(B16,2)),VALUE(MID(B16,4,2)),VALUE(LEFT(B16,2))),"dd.mm.yy")=B16,FALSE)),"Invalid date - use dd.mm.yy",IF(U16="","Missing Arrangement",IF(COUNTIF(Arrangements!$M$3:$M$92,U16)=0,"Unknown Arrangement",IF(SUMPRODUCT((Arrangements!$M$3:$M$92=U16)*(Arrangements!$P$3:$P$92<>"OK"))>0,"Arrangement errors",IF(AND(V16<>"",COUNTIF(Annotations!$B$3:$B$46,V16)=0),"Unknown annotationSet",IF(AND(V16<>"",COUNTIFS(Annotations!$B$3:$B$46,V16,Annotations!$F$3:$F$46,"<>OK")>0),"annotationSet errors",IF(K16=0,"No images",IF(COUNTIF($Y$3:$Y$62,Y16)>1,"Duplicate session - change Name or Time",IF(AND(A16<>"",COUNTIF($A$3:$A$62,A16)>1),"Duplicate Exp start","OK")))))))))))) | O16: =IF(B16="","",B16&IF(T16<>"","_"&T16,"")&IF(C16<>"","_"&C16,"")) | R16: =IF(B16="","",IFERROR(LOOKUP(2,1/($A$3:A16<>""),$A$3:A16),"")) | S16: =IF(B16="","",IF(IFERROR(TEXT(DATE(2000+VALUE(RIGHT(B16,2)),VALUE(MID(B16,4,2)),VALUE(LEFT(B16,2))),"dd.mm.yy")=B16,FALSE),DATE(2000+VALUE(RIGHT(B16,2)),VALUE(MID(B16,4,2)),VALUE(LEFT(B16,2))),"")) | T16: =IF(B16="","",IFERROR(LOOKUP(2,1/(($R$3:R16=R16)*($D$3:D16<>"")),$D$3:D16),"")) | U16: =IF(B16="","",IFERROR(LOOKUP(2,1/(($R$3:R16=R16)*($E$3:E16<>"")),$E$3:E16),"")) | V16: =IF(B16="","",IFERROR(LOOKUP(2,1/(($R$3:R16=R16)*($F$3:F16<>"")),$F$3:F16),"")) | W16: =IF(B16="","",IF(IFERROR(LOOKUP(2,1/(($R$3:R16=R16)*($H$3:H16<>"")),$H$3:H16),"growth")="[none]","",IFERROR(LOOKUP(2,1/(($R$3:R16=R16)*($H$3:H16<>"")),$H$3:H16),"growth"))) | X16: =IF(B16="","",IFERROR(LOOKUP(2,1/(($R$3:R16=R16)*($I$3:I16<>"")),$I$3:I16),".jpg")) | Y16: =IF(OR(B16="",R16="",S16=""),"","E"&R16&"_"&B16&IF(T16<>"","_"&T16,"")&IF(C16<>"","_"&C16,"")) | Z16: =IF(B16="","",IF(IFERROR(LOOKUP(2,1/(($R$3:R16=R16)*($G$3:G16<>"")),$G$3:G16),"")="[none]","",IFERROR(LOOKUP(2,1/(($R$3:R16=R16)*($G$3:G16<>"")),$G$3:G16),"")))
K17: =IF(B17="","",COUNTIF(Arrangements!$M$3:$M$92,U17)) | L17: =IF(OR(B17="",N17<>"OK"),"",1+SUMIFS($K$3:K16,$N$3:N16,"OK")) | M17: =IF(L17="","",L17+K17-1) | N17: =IF(B17="","",IF(J17=FALSE,"Excluded",IF(R17="","Missing Exp",IF(NOT(IFERROR(TEXT(DATE(2000+VALUE(RIGHT(B17,2)),VALUE(MID(B17,4,2)),VALUE(LEFT(B17,2))),"dd.mm.yy")=B17,FALSE)),"Invalid date - use dd.mm.yy",IF(U17="","Missing Arrangement",IF(COUNTIF(Arrangements!$M$3:$M$92,U17)=0,"Unknown Arrangement",IF(SUMPRODUCT((Arrangements!$M$3:$M$92=U17)*(Arrangements!$P$3:$P$92<>"OK"))>0,"Arrangement errors",IF(AND(V17<>"",COUNTIF(Annotations!$B$3:$B$46,V17)=0),"Unknown annotationSet",IF(AND(V17<>"",COUNTIFS(Annotations!$B$3:$B$46,V17,Annotations!$F$3:$F$46,"<>OK")>0),"annotationSet errors",IF(K17=0,"No images",IF(COUNTIF($Y$3:$Y$62,Y17)>1,"Duplicate session - change Name or Time",IF(AND(A17<>"",COUNTIF($A$3:$A$62,A17)>1),"Duplicate Exp start","OK")))))))))))) | O17: =IF(B17="","",B17&IF(T17<>"","_"&T17,"")&IF(C17<>"","_"&C17,"")) | R17: =IF(B17="","",IFERROR(LOOKUP(2,1/($A$3:A17<>""),$A$3:A17),"")) | S17: =IF(B17="","",IF(IFERROR(TEXT(DATE(2000+VALUE(RIGHT(B17,2)),VALUE(MID(B17,4,2)),VALUE(LEFT(B17,2))),"dd.mm.yy")=B17,FALSE),DATE(2000+VALUE(RIGHT(B17,2)),VALUE(MID(B17,4,2)),VALUE(LEFT(B17,2))),"")) | T17: =IF(B17="","",IFERROR(LOOKUP(2,1/(($R$3:R17=R17)*($D$3:D17<>"")),$D$3:D17),"")) | U17: =IF(B17="","",IFERROR(LOOKUP(2,1/(($R$3:R17=R17)*($E$3:E17<>"")),$E$3:E17),"")) | V17: =IF(B17="","",IFERROR(LOOKUP(2,1/(($R$3:R17=R17)*($F$3:F17<>"")),$F$3:F17),"")) | W17: =IF(B17="","",IF(IFERROR(LOOKUP(2,1/(($R$3:R17=R17)*($H$3:H17<>"")),$H$3:H17),"growth")="[none]","",IFERROR(LOOKUP(2,1/(($R$3:R17=R17)*($H$3:H17<>"")),$H$3:H17),"growth"))) | X17: =IF(B17="","",IFERROR(LOOKUP(2,1/(($R$3:R17=R17)*($I$3:I17<>"")),$I$3:I17),".jpg")) | Y17: =IF(OR(B17="",R17="",S17=""),"","E"&R17&"_"&B17&IF(T17<>"","_"&T17,"")&IF(C17<>"","_"&C17,"")) | Z17: =IF(B17="","",IF(IFERROR(LOOKUP(2,1/(($R$3:R17=R17)*($G$3:G17<>"")),$G$3:G17),"")="[none]","",IFERROR(LOOKUP(2,1/(($R$3:R17=R17)*($G$3:G17<>"")),$G$3:G17),"")))
K18: =IF(B18="","",COUNTIF(Arrangements!$M$3:$M$92,U18)) | L18: =IF(OR(B18="",N18<>"OK"),"",1+SUMIFS($K$3:K17,$N$3:N17,"OK")) | M18: =IF(L18="","",L18+K18-1) | N18: =IF(B18="","",IF(J18=FALSE,"Excluded",IF(R18="","Missing Exp",IF(NOT(IFERROR(TEXT(DATE(2000+VALUE(RIGHT(B18,2)),VALUE(MID(B18,4,2)),VALUE(LEFT(B18,2))),"dd.mm.yy")=B18,FALSE)),"Invalid date - use dd.mm.yy",IF(U18="","Missing Arrangement",IF(COUNTIF(Arrangements!$M$3:$M$92,U18)=0,"Unknown Arrangement",IF(SUMPRODUCT((Arrangements!$M$3:$M$92=U18)*(Arrangements!$P$3:$P$92<>"OK"))>0,"Arrangement errors",IF(AND(V18<>"",COUNTIF(Annotations!$B$3:$B$46,V18)=0),"Unknown annotationSet",IF(AND(V18<>"",COUNTIFS(Annotations!$B$3:$B$46,V18,Annotations!$F$3:$F$46,"<>OK")>0),"annotationSet errors",IF(K18=0,"No images",IF(COUNTIF($Y$3:$Y$62,Y18)>1,"Duplicate session - change Name or Time",IF(AND(A18<>"",COUNTIF($A$3:$A$62,A18)>1),"Duplicate Exp start","OK")))))))))))) | O18: =IF(B18="","",B18&IF(T18<>"","_"&T18,"")&IF(C18<>"","_"&C18,"")) | R18: =IF(B18="","",IFERROR(LOOKUP(2,1/($A$3:A18<>""),$A$3:A18),"")) | S18: =IF(B18="","",IF(IFERROR(TEXT(DATE(2000+VALUE(RIGHT(B18,2)),VALUE(MID(B18,4,2)),VALUE(LEFT(B18,2))),"dd.mm.yy")=B18,FALSE),DATE(2000+VALUE(RIGHT(B18,2)),VALUE(MID(B18,4,2)),VALUE(LEFT(B18,2))),"")) | T18: =IF(B18="","",IFERROR(LOOKUP(2,1/(($R$3:R18=R18)*($D$3:D18<>"")),$D$3:D18),"")) | U18: =IF(B18="","",IFERROR(LOOKUP(2,1/(($R$3:R18=R18)*($E$3:E18<>"")),$E$3:E18),"")) | V18: =IF(B18="","",IFERROR(LOOKUP(2,1/(($R$3:R18=R18)*($F$3:F18<>"")),$F$3:F18),"")) | W18: =IF(B18="","",IF(IFERROR(LOOKUP(2,1/(($R$3:R18=R18)*($H$3:H18<>"")),$H$3:H18),"growth")="[none]","",IFERROR(LOOKUP(2,1/(($R$3:R18=R18)*($H$3:H18<>"")),$H$3:H18),"growth"))) | X18: =IF(B18="","",IFERROR(LOOKUP(2,1/(($R$3:R18=R18)*($I$3:I18<>"")),$I$3:I18),".jpg")) | Y18: =IF(OR(B18="",R18="",S18=""),"","E"&R18&"_"&B18&IF(T18<>"","_"&T18,"")&IF(C18<>"","_"&C18,"")) | Z18: =IF(B18="","",IF(IFERROR(LOOKUP(2,1/(($R$3:R18=R18)*($G$3:G18<>"")),$G$3:G18),"")="[none]","",IFERROR(LOOKUP(2,1/(($R$3:R18=R18)*($G$3:G18<>"")),$G$3:G18),"")))
... K32: =IF(B32="","",COUNTIF(Arrangements!$M$3:$M$92,U32)) | L32: =IF(OR(B32="",N32<>"OK"),"",1+SUMIFS($K$3:K31,$N$3:N31,"OK")) | M32: =IF(L32="","",L32+K32-1) | N32: =IF(B32="","",IF(J32=FALSE,"Excluded",IF(R32="","Missing Exp",IF(NOT(IFERROR(TEXT(DATE(2000+VALUE(RIGHT(B32,2)),VALUE(MID(B32,4,2)),VALUE(LEFT(B32,2))),"dd.mm.yy")=B32,FALSE)),"Invalid date - use dd.mm.yy",IF(U32="","Missing Arrangement",IF(COUNTIF(Arrangements!$M$3:$M$92,U32)=0,"Unknown Arrangement",IF(SUMPRODUCT((Arrangements!$M$3:$M$92=U32)*(Arrangements!$P$3:$P$92<>"OK"))>0,"Arrangement errors",IF(AND(V32<>"",COUNTIF(Annotations!$B$3:$B$46,V32)=0),"Unknown annotationSet",IF(AND(V32<>"",COUNTIFS(Annotations!$B$3:$B$46,V32,Annotations!$F$3:$F$46,"<>OK")>0),"annotationSet errors",IF(K32=0,"No images",IF(COUNTIF($Y$3:$Y$62,Y32)>1,"Duplicate session - change Name or Time",IF(AND(A32<>"",COUNTIF($A$3:$A$62,A32)>1),"Duplicate Exp start","OK")))))))))))) | O32: =IF(B32="","",B32&IF(T32<>"","_"&T32,"")&IF(C32<>"","_"&C32,"")) | R32: =IF(B32="","",IFERROR(LOOKUP(2,1/($A$3:A32<>""),$A$3:A32),"")) | S32: =IF(B32="","",IF(IFERROR(TEXT(DATE(2000+VALUE(RIGHT(B32,2)),VALUE(MID(B32,4,2)),VALUE(LEFT(B32,2))),"dd.mm.yy")=B32,FALSE),DATE(2000+VALUE(RIGHT(B32,2)),VALUE(MID(B32,4,2)),VALUE(LEFT(B32,2))),"")) | T32: =IF(B32="","",IFERROR(LOOKUP(2,1/(($R$3:R32=R32)*($D$3:D32<>"")),$D$3:D32),"")) | U32: =IF(B32="","",IFERROR(LOOKUP(2,1/(($R$3:R32=R32)*($E$3:E32<>"")),$E$3:E32),"")) | V32: =IF(B32="","",IFERROR(LOOKUP(2,1/(($R$3:R32=R32)*($F$3:F32<>"")),$F$3:F32),"")) | W32: =IF(B32="","",IF(IFERROR(LOOKUP(2,1/(($R$3:R32=R32)*($H$3:H32<>"")),$H$3:H32),"growth")="[none]","",IFERROR(LOOKUP(2,1/(($R$3:R32=R32)*($H$3:H32<>"")),$H$3:H32),"growth"))) | X32: =IF(B32="","",IFERROR(LOOKUP(2,1/(($R$3:R32=R32)*($I$3:I32<>"")),$I$3:I32),".jpg")) | Y32: =IF(OR(B32="",R32="",S32=""),"","E"&R32&"_"&B32&IF(T32<>"","_"&T32,"")&IF(C32<>"","_"&C32,"")) | Z32: =IF(B32="","",IF(IFERROR(LOOKUP(2,1/(($R$3:R32=R32)*($G$3:G32<>"")),$G$3:G32),"")="[none]","",IFERROR(LOOKUP(2,1/(($R$3:R32=R32)*($G$3:G32<>"")),$G$3:G32),"")))
Z33: =IF(B33="","",IF(IFERROR(LOOKUP(2,1/(($R$3:R33=R33)*($G$3:G33<>"")),$G$3:G33),"")="[none]","",IFERROR(LOOKUP(2,1/(($R$3:R33=R33)*($G$3:G33<>"")),$G$3:G33),"")))
Z34: =IF(B34="","",IF(IFERROR(LOOKUP(2,1/(($R$3:R34=R34)*($G$3:G34<>"")),$G$3:G34),"")="[none]","",IFERROR(LOOKUP(2,1/(($R$3:R34=R34)*($G$3:G34<>"")),$G$3:G34),"")))
Z35: =IF(B35="","",IF(IFERROR(LOOKUP(2,1/(($R$3:R35=R35)*($G$3:G35<>"")),$G$3:G35),"")="[none]","",IFERROR(LOOKUP(2,1/(($R$3:R35=R35)*($G$3:G35<>"")),$G$3:G35),"")))
Z36: =IF(B36="","",IF(IFERROR(LOOKUP(2,1/(($R$3:R36=R36)*($G$3:G36<>"")),$G$3:G36),"")="[none]","",IFERROR(LOOKUP(2,1/(($R$3:R36=R36)*($G$3:G36<>"")),$G$3:G36),"")))
Z37: =IF(B37="","",IF(IFERROR(LOOKUP(2,1/(($R$3:R37=R37)*($G$3:G37<>"")),$G$3:G37),"")="[none]","",IFERROR(LOOKUP(2,1/(($R$3:R37=R37)*($G$3:G37<>"")),$G$3:G37),"")))
Z38: =IF(B38="","",IF(IFERROR(LOOKUP(2,1/(($R$3:R38=R38)*($G$3:G38<>"")),$G$3:G38),"")="[none]","",IFERROR(LOOKUP(2,1/(($R$3:R38=R38)*($G$3:G38<>"")),$G$3:G38),"")))
Z39: =IF(B39="","",IF(IFERROR(LOOKUP(2,1/(($R$3:R39=R39)*($G$3:G39<>"")),$G$3:G39),"")="[none]","",IFERROR(LOOKUP(2,1/(($R$3:R39=R39)*($G$3:G39<>"")),$G$3:G39),"")))
Z40: =IF(B40="","",IF(IFERROR(LOOKUP(2,1/(($R$3:R40=R40)*($G$3:G40<>"")),$G$3:G40),"")="[none]","",IFERROR(LOOKUP(2,1/(($R$3:R40=R40)*($G$3:G40<>"")),$G$3:G40),"")))
Z41: =IF(B41="","",IF(IFERROR(LOOKUP(2,1/(($R$3:R41=R41)*($G$3:G41<>"")),$G$3:G41),"")="[none]","",IFERROR(LOOKUP(2,1/(($R$3:R41=R41)*($G$3:G41<>"")),$G$3:G41),"")))
Z42: =IF(B42="","",IF(IFERROR(LOOKUP(2,1/(($R$3:R42=R42)*($G$3:G42<>"")),$G$3:G42),"")="[none]","",IFERROR(LOOKUP(2,1/(($R$3:R42=R42)*($G$3:G42<>"")),$G$3:G42),"")))
Z43: =IF(B43="","",IF(IFERROR(LOOKUP(2,1/(($R$3:R43=R43)*($G$3:G43<>"")),$G$3:G43),"")="[none]","",IFERROR(LOOKUP(2,1/(($R$3:R43=R43)*($G$3:G43<>"")),$G$3:G43),"")))
Z44: =IF(B44="","",IF(IFERROR(LOOKUP(2,1/(($R$3:R44=R44)*($G$3:G44<>"")),$G$3:G44),"")="[none]","",IFERROR(LOOKUP(2,1/(($R$3:R44=R44)*($G$3:G44<>"")),$G$3:G44),"")))
... Z62: =IF(B62="","",IF(IFERROR(LOOKUP(2,1/(($R$3:R62=R62)*($G$3:G62<>"")),$G$3:G62),"")="[none]","",IFERROR(LOOKUP(2,1/(($R$3:R62=R62)*($G$3:G62<>"")),$G$3:G62),"")))

Sheet Arrangements
A1: ARRANGEMENTS — REUSABLE IMAGE / SAMPLE ORDER | J1: CONTROLS | M1: RESOLVED MACHINE FIELDS | AY1: Active highlight | AZ1: TRUE
A2: Date | B2: Arrangement | C2: Image # | D2: Sample description | E2: Set | F2: Media | G2: Condition | H2: Rep # | J2: VBA controls | M2: Arrangement* | N2: Condition* | O2: Group key* | P2: Check* | AY2: Legend visible | AZ2: FALSE
A3: =IF(M3="","",IFERROR(INDEX(Overview!$B$3:$B$62,MATCH(M3,Overview!$U$3:$U$62,0)),"")) -> 14.08.26 | B3: Arrangement 1 | C3: =IF(M3="","",COUNTIF($M$3:M3,M3)) -> 1 | D3: =IF(M3="","",IF(AND(F3="",G3=""),"",IF(F3<>"",F3,"")&IF(AND(F3<>"",G3<>"")," + ","")&IF(G3<>"",G3,"")&IF(H3<>"",", "&H3,""))) -> YPDA, 1 | E3: A | F3: YPDA | H3: =IF(OR(M3="",E3=""),"",IF(COUNTIF($O$3:$O$92,O3)>1,COUNTIF($O$3:O3,O3),"")) -> 1 | J3: LIVE / PAUSED | M3: =IF(COUNTA(E3:G3)=0,"",IF(B3<>"",B3,"")) -> Arrangement 1 | N3: =IF(M3="","",IF(G3="","[control]",G3)) -> [control] | O3: =IF(M3="","",M3&"|"&E3&"|"&IF(F3="","[blank]",F3)&"|"&N3) -> Arrangement 1|A|YPDA|[control] | P3: =IF(M3="","",IF(E3="","Missing Set",IF(AND(B3<>"",COUNTIF($B$3:$B$92,B3)>1),"Duplicate Arrangement start",IF(D3="","Blank description","OK")))) -> OK | AY3: VBA live | AZ3: FALSE
A4: =IF(M4="","",IFERROR(INDEX(Overview!$B$3:$B$62,MATCH(M4,Overview!$U$3:$U$62,0)),"")) -> 14.08.26 | C4: =IF(M4="","",COUNTIF($M$3:M4,M4)) -> 2 | D4: =IF(M4="","",IF(AND(F4="",G4=""),"",IF(F4<>"",F4,"")&IF(AND(F4<>"",G4<>"")," + ","")&IF(G4<>"",G4,"")&IF(H4<>"",", "&H4,""))) -> YPDA, 2 | E4: A | F4: YPDA | H4: =IF(OR(M4="",E4=""),"",IF(COUNTIF($O$3:$O$92,O4)>1,COUNTIF($O$3:O4,O4),"")) -> 2 | J4: Sync Now | M4: =IF(COUNTA(E4:G4)=0,"",IF(B4<>"",B4,M3)) -> Arrangement 1 | N4: =IF(M4="","",IF(G4="","[control]",G4)) -> [control] | O4: =IF(M4="","",M4&"|"&E4&"|"&IF(F4="","[blank]",F4)&"|"&N4) -> Arrangement 1|A|YPDA|[control] | P4: =IF(M4="","",IF(E4="","Missing Set",IF(AND(B4<>"",COUNTIF($B$3:$B$92,B4)>1),"Duplicate Arrangement start",IF(D4="","Blank description","OK")))) -> OK | AY4: Sync pending | AZ4: FALSE
A5: =IF(M5="","",IFERROR(INDEX(Overview!$B$3:$B$62,MATCH(M5,Overview!$U$3:$U$62,0)),"")) -> 14.08.26 | C5: =IF(M5="","",COUNTIF($M$3:M5,M5)) -> 3 | D5: =IF(M5="","",IF(AND(F5="",G5=""),"",IF(F5<>"",F5,"")&IF(AND(F5<>"",G5<>"")," + ","")&IF(G5<>"",G5,"")&IF(H5<>"",", "&H5,""))) -> YPDA, 3 | E5: A | F5: YPDA | H5: =IF(OR(M5="",E5=""),"",IF(COUNTIF($O$3:$O$92,O5)>1,COUNTIF($O$3:O5,O5),"")) -> 3 | J5: Legend (bottom) | M5: =IF(COUNTA(E5:G5)=0,"",IF(B5<>"",B5,M4)) -> Arrangement 1 | N5: =IF(M5="","",IF(G5="","[control]",G5)) -> [control] | O5: =IF(M5="","",M5&"|"&E5&"|"&IF(F5="","[blank]",F5)&"|"&N5) -> Arrangement 1|A|YPDA|[control] | P5: =IF(M5="","",IF(E5="","Missing Set",IF(AND(B5<>"",COUNTIF($B$3:$B$92,B5)>1),"Duplicate Arrangement start",IF(D5="","Blank description","OK")))) -> OK | AY5: Capacity row | AZ5: 92
A6: =IF(M6="","",IFERROR(INDEX(Overview!$B$3:$B$62,MATCH(M6,Overview!$U$3:$U$62,0)),"")) -> 14.08.26 | C6: =IF(M6="","",COUNTIF($M$3:M6,M6)) -> 4 | D6: =IF(M6="","",IF(AND(F6="",G6=""),"",IF(F6<>"",F6,"")&IF(AND(F6<>"",G6<>"")," + ","")&IF(G6<>"",G6,"")&IF(H6<>"",", "&H6,""))) -> YPDA, 4 | E6: A | F6: YPDA | H6: =IF(OR(M6="",E6=""),"",IF(COUNTIF($O$3:$O$92,O6)>1,COUNTIF($O$3:O6,O6),"")) -> 4 | M6: =IF(COUNTA(E6:G6)=0,"",IF(B6<>"",B6,M5)) -> Arrangement 1 | N6: =IF(M6="","",IF(G6="","[control]",G6)) -> [control] | O6: =IF(M6="","",M6&"|"&E6&"|"&IF(F6="","[blank]",F6)&"|"&N6) -> Arrangement 1|A|YPDA|[control] | P6: =IF(M6="","",IF(E6="","Missing Set",IF(AND(B6<>"",COUNTIF($B$3:$B$92,B6)>1),"Duplicate Arrangement start",IF(D6="","Blank description","OK")))) -> OK
A7: =IF(M7="","",IFERROR(INDEX(Overview!$B$3:$B$62,MATCH(M7,Overview!$U$3:$U$62,0)),"")) -> 14.08.26 | C7: =IF(M7="","",COUNTIF($M$3:M7,M7)) -> 5 | D7: =IF(M7="","",IF(AND(F7="",G7=""),"",IF(F7<>"",F7,"")&IF(AND(F7<>"",G7<>"")," + ","")&IF(G7<>"",G7,"")&IF(H7<>"",", "&H7,""))) -> YPDA + heat, 1 | E7: A | F7: YPDA | G7: heat | H7: =IF(OR(M7="",E7=""),"",IF(COUNTIF($O$3:$O$92,O7)>1,COUNTIF($O$3:O7,O7),"")) -> 1 | M7: =IF(COUNTA(E7:G7)=0,"",IF(B7<>"",B7,M6)) -> Arrangement 1 | N7: =IF(M7="","",IF(G7="","[control]",G7)) -> heat | O7: =IF(M7="","",M7&"|"&E7&"|"&IF(F7="","[blank]",F7)&"|"&N7) -> Arrangement 1|A|YPDA|heat | P7: =IF(M7="","",IF(E7="","Missing Set",IF(AND(B7<>"",COUNTIF($B$3:$B$92,B7)>1),"Duplicate Arrangement start",IF(D7="","Blank description","OK")))) -> OK
A8: =IF(M8="","",IFERROR(INDEX(Overview!$B$3:$B$62,MATCH(M8,Overview!$U$3:$U$62,0)),"")) -> 14.08.26 | C8: =IF(M8="","",COUNTIF($M$3:M8,M8)) -> 6 | D8: =IF(M8="","",IF(AND(F8="",G8=""),"",IF(F8<>"",F8,"")&IF(AND(F8<>"",G8<>"")," + ","")&IF(G8<>"",G8,"")&IF(H8<>"",", "&H8,""))) -> YPDA + heat, 2 | E8: A | F8: YPDA | G8: heat | H8: =IF(OR(M8="",E8=""),"",IF(COUNTIF($O$3:$O$92,O8)>1,COUNTIF($O$3:O8,O8),"")) -> 2 | M8: =IF(COUNTA(E8:G8)=0,"",IF(B8<>"",B8,M7)) -> Arrangement 1 | N8: =IF(M8="","",IF(G8="","[control]",G8)) -> heat | O8: =IF(M8="","",M8&"|"&E8&"|"&IF(F8="","[blank]",F8)&"|"&N8) -> Arrangement 1|A|YPDA|heat | P8: =IF(M8="","",IF(E8="","Missing Set",IF(AND(B8<>"",COUNTIF($B$3:$B$92,B8)>1),"Duplicate Arrangement start",IF(D8="","Blank description","OK")))) -> OK
A9: =IF(M9="","",IFERROR(INDEX(Overview!$B$3:$B$62,MATCH(M9,Overview!$U$3:$U$62,0)),"")) -> 14.08.26 | C9: =IF(M9="","",COUNTIF($M$3:M9,M9)) -> 7 | D9: =IF(M9="","",IF(AND(F9="",G9=""),"",IF(F9<>"",F9,"")&IF(AND(F9<>"",G9<>"")," + ","")&IF(G9<>"",G9,"")&IF(H9<>"",", "&H9,""))) -> YPDA + heat, 3 | E9: A | F9: YPDA | G9: heat | H9: =IF(OR(M9="",E9=""),"",IF(COUNTIF($O$3:$O$92,O9)>1,COUNTIF($O$3:O9,O9),"")) -> 3 | M9: =IF(COUNTA(E9:G9)=0,"",IF(B9<>"",B9,M8)) -> Arrangement 1 | N9: =IF(M9="","",IF(G9="","[control]",G9)) -> heat | O9: =IF(M9="","",M9&"|"&E9&"|"&IF(F9="","[blank]",F9)&"|"&N9) -> Arrangement 1|A|YPDA|heat | P9: =IF(M9="","",IF(E9="","Missing Set",IF(AND(B9<>"",COUNTIF($B$3:$B$92,B9)>1),"Duplicate Arrangement start",IF(D9="","Blank description","OK")))) -> OK
A10: =IF(M10="","",IFERROR(INDEX(Overview!$B$3:$B$62,MATCH(M10,Overview!$U$3:$U$62,0)),"")) -> 14.08.26 | C10: =IF(M10="","",COUNTIF($M$3:M10,M10)) -> 8 | D10: =IF(M10="","",IF(AND(F10="",G10=""),"",IF(F10<>"",F10,"")&IF(AND(F10<>"",G10<>"")," + ","")&IF(G10<>"",G10,"")&IF(H10<>"",", "&H10,""))) -> YPDA + heat, 4 | E10: A | F10: YPDA | G10: heat | H10: =IF(OR(M10="",E10=""),"",IF(COUNTIF($O$3:$O$92,O10)>1,COUNTIF($O$3:O10,O10),"")) -> 4 | M10: =IF(COUNTA(E10:G10)=0,"",IF(B10<>"",B10,M9)) -> Arrangement 1 | N10: =IF(M10="","",IF(G10="","[control]",G10)) -> heat | O10: =IF(M10="","",M10&"|"&E10&"|"&IF(F10="","[blank]",F10)&"|"&N10) -> Arrangement 1|A|YPDA|heat | P10: =IF(M10="","",IF(E10="","Missing Set",IF(AND(B10<>"",COUNTIF($B$3:$B$92,B10)>1),"Duplicate Arrangement start",IF(D10="","Blank description","OK")))) -> OK
A11: =IF(M11="","",IFERROR(INDEX(Overview!$B$3:$B$62,MATCH(M11,Overview!$U$3:$U$62,0)),"")) -> 14.08.26 | C11: =IF(M11="","",COUNTIF($M$3:M11,M11)) -> 9 | D11: =IF(M11="","",IF(AND(F11="",G11=""),"",IF(F11<>"",F11,"")&IF(AND(F11<>"",G11<>"")," + ","")&IF(G11<>"",G11,"")&IF(H11<>"",", "&H11,""))) -> YPDA + salt, 1 | E11: A | F11: YPDA | G11: salt | H11: =IF(OR(M11="",E11=""),"",IF(COUNTIF($O$3:$O$92,O11)>1,COUNTIF($O$3:O11,O11),"")) -> 1 | M11: =IF(COUNTA(E11:G11)=0,"",IF(B11<>"",B11,M10)) -> Arrangement 1 | N11: =IF(M11="","",IF(G11="","[control]",G11)) -> salt | O11: =IF(M11="","",M11&"|"&E11&"|"&IF(F11="","[blank]",F11)&"|"&N11) -> Arrangement 1|A|YPDA|salt | P11: =IF(M11="","",IF(E11="","Missing Set",IF(AND(B11<>"",COUNTIF($B$3:$B$92,B11)>1),"Duplicate Arrangement start",IF(D11="","Blank description","OK")))) -> OK
A12: =IF(M12="","",IFERROR(INDEX(Overview!$B$3:$B$62,MATCH(M12,Overview!$U$3:$U$62,0)),"")) -> 14.08.26 | C12: =IF(M12="","",COUNTIF($M$3:M12,M12)) -> 10 | D12: =IF(M12="","",IF(AND(F12="",G12=""),"",IF(F12<>"",F12,"")&IF(AND(F12<>"",G12<>"")," + ","")&IF(G12<>"",G12,"")&IF(H12<>"",", "&H12,""))) -> YPDA + salt, 2 | E12: A | F12: YPDA | G12: salt | H12: =IF(OR(M12="",E12=""),"",IF(COUNTIF($O$3:$O$92,O12)>1,COUNTIF($O$3:O12,O12),"")) -> 2 | M12: =IF(COUNTA(E12:G12)=0,"",IF(B12<>"",B12,M11)) -> Arrangement 1 | N12: =IF(M12="","",IF(G12="","[control]",G12)) -> salt | O12: =IF(M12="","",M12&"|"&E12&"|"&IF(F12="","[blank]",F12)&"|"&N12) -> Arrangement 1|A|YPDA|salt | P12: =IF(M12="","",IF(E12="","Missing Set",IF(AND(B12<>"",COUNTIF($B$3:$B$92,B12)>1),"Duplicate Arrangement start",IF(D12="","Blank description","OK")))) -> OK
A13: =IF(M13="","",IFERROR(INDEX(Overview!$B$3:$B$62,MATCH(M13,Overview!$U$3:$U$62,0)),"")) -> 14.08.26 | C13: =IF(M13="","",COUNTIF($M$3:M13,M13)) -> 11 | D13: =IF(M13="","",IF(AND(F13="",G13=""),"",IF(F13<>"",F13,"")&IF(AND(F13<>"",G13<>"")," + ","")&IF(G13<>"",G13,"")&IF(H13<>"",", "&H13,""))) -> YPDA + salt, 3 | E13: A | F13: YPDA | G13: salt | H13: =IF(OR(M13="",E13=""),"",IF(COUNTIF($O$3:$O$92,O13)>1,COUNTIF($O$3:O13,O13),"")) -> 3 | M13: =IF(COUNTA(E13:G13)=0,"",IF(B13<>"",B13,M12)) -> Arrangement 1 | N13: =IF(M13="","",IF(G13="","[control]",G13)) -> salt | O13: =IF(M13="","",M13&"|"&E13&"|"&IF(F13="","[blank]",F13)&"|"&N13) -> Arrangement 1|A|YPDA|salt | P13: =IF(M13="","",IF(E13="","Missing Set",IF(AND(B13<>"",COUNTIF($B$3:$B$92,B13)>1),"Duplicate Arrangement start",IF(D13="","Blank description","OK")))) -> OK
A14: =IF(M14="","",IFERROR(INDEX(Overview!$B$3:$B$62,MATCH(M14,Overview!$U$3:$U$62,0)),"")) -> 14.08.26 | C14: =IF(M14="","",COUNTIF($M$3:M14,M14)) -> 12 | D14: =IF(M14="","",IF(AND(F14="",G14=""),"",IF(F14<>"",F14,"")&IF(AND(F14<>"",G14<>"")," + ","")&IF(G14<>"",G14,"")&IF(H14<>"",", "&H14,""))) -> YPDA + salt, 4 | E14: A | F14: YPDA | G14: salt | H14: =IF(OR(M14="",E14=""),"",IF(COUNTIF($O$3:$O$92,O14)>1,COUNTIF($O$3:O14,O14),"")) -> 4 | M14: =IF(COUNTA(E14:G14)=0,"",IF(B14<>"",B14,M13)) -> Arrangement 1 | N14: =IF(M14="","",IF(G14="","[control]",G14)) -> salt | O14: =IF(M14="","",M14&"|"&E14&"|"&IF(F14="","[blank]",F14)&"|"&N14) -> Arrangement 1|A|YPDA|salt | P14: =IF(M14="","",IF(E14="","Missing Set",IF(AND(B14<>"",COUNTIF($B$3:$B$92,B14)>1),"Duplicate Arrangement start",IF(D14="","Blank description","OK")))) -> OK
A15: =IF(M15="","",IFERROR(INDEX(Overview!$B$3:$B$62,MATCH(M15,Overview!$U$3:$U$62,0)),"")) -> 14.08.26 | C15: =IF(M15="","",COUNTIF($M$3:M15,M15)) -> 13 | D15: =IF(M15="","",IF(AND(F15="",G15=""),"",IF(F15<>"",F15,"")&IF(AND(F15<>"",G15<>"")," + ","")&IF(G15<>"",G15,"")&IF(H15<>"",", "&H15,""))) -> YPDA, 1 | E15: B | F15: YPDA | H15: =IF(OR(M15="",E15=""),"",IF(COUNTIF($O$3:$O$92,O15)>1,COUNTIF($O$3:O15,O15),"")) -> 1 | M15: =IF(COUNTA(E15:G15)=0,"",IF(B15<>"",B15,M14)) -> Arrangement 1 | N15: =IF(M15="","",IF(G15="","[control]",G15)) -> [control] | O15: =IF(M15="","",M15&"|"&E15&"|"&IF(F15="","[blank]",F15)&"|"&N15) -> Arrangement 1|B|YPDA|[control] | P15: =IF(M15="","",IF(E15="","Missing Set",IF(AND(B15<>"",COUNTIF($B$3:$B$92,B15)>1),"Duplicate Arrangement start",IF(D15="","Blank description","OK")))) -> OK
A16: =IF(M16="","",IFERROR(INDEX(Overview!$B$3:$B$62,MATCH(M16,Overview!$U$3:$U$62,0)),"")) -> 14.08.26 | C16: =IF(M16="","",COUNTIF($M$3:M16,M16)) -> 14 | D16: =IF(M16="","",IF(AND(F16="",G16=""),"",IF(F16<>"",F16,"")&IF(AND(F16<>"",G16<>"")," + ","")&IF(G16<>"",G16,"")&IF(H16<>"",", "&H16,""))) -> YPDA, 2 | E16: B | F16: YPDA | H16: =IF(OR(M16="",E16=""),"",IF(COUNTIF($O$3:$O$92,O16)>1,COUNTIF($O$3:O16,O16),"")) -> 2 | M16: =IF(COUNTA(E16:G16)=0,"",IF(B16<>"",B16,M15)) -> Arrangement 1 | N16: =IF(M16="","",IF(G16="","[control]",G16)) -> [control] | O16: =IF(M16="","",M16&"|"&E16&"|"&IF(F16="","[blank]",F16)&"|"&N16) -> Arrangement 1|B|YPDA|[control] | P16: =IF(M16="","",IF(E16="","Missing Set",IF(AND(B16<>"",COUNTIF($B$3:$B$92,B16)>1),"Duplicate Arrangement start",IF(D16="","Blank description","OK")))) -> OK
A17: =IF(M17="","",IFERROR(INDEX(Overview!$B$3:$B$62,MATCH(M17,Overview!$U$3:$U$62,0)),"")) -> 14.08.26 | C17: =IF(M17="","",COUNTIF($M$3:M17,M17)) -> 15 | D17: =IF(M17="","",IF(AND(F17="",G17=""),"",IF(F17<>"",F17,"")&IF(AND(F17<>"",G17<>"")," + ","")&IF(G17<>"",G17,"")&IF(H17<>"",", "&H17,""))) -> YPDA, 3 | E17: B | F17: YPDA | H17: =IF(OR(M17="",E17=""),"",IF(COUNTIF($O$3:$O$92,O17)>1,COUNTIF($O$3:O17,O17),"")) -> 3 | M17: =IF(COUNTA(E17:G17)=0,"",IF(B17<>"",B17,M16)) -> Arrangement 1 | N17: =IF(M17="","",IF(G17="","[control]",G17)) -> [control] | O17: =IF(M17="","",M17&"|"&E17&"|"&IF(F17="","[blank]",F17)&"|"&N17) -> Arrangement 1|B|YPDA|[control] | P17: =IF(M17="","",IF(E17="","Missing Set",IF(AND(B17<>"",COUNTIF($B$3:$B$92,B17)>1),"Duplicate Arrangement start",IF(D17="","Blank description","OK")))) -> OK
A18: =IF(M18="","",IFERROR(INDEX(Overview!$B$3:$B$62,MATCH(M18,Overview!$U$3:$U$62,0)),"")) -> 14.08.26 | C18: =IF(M18="","",COUNTIF($M$3:M18,M18)) -> 16 | D18: =IF(M18="","",IF(AND(F18="",G18=""),"",IF(F18<>"",F18,"")&IF(AND(F18<>"",G18<>"")," + ","")&IF(G18<>"",G18,"")&IF(H18<>"",", "&H18,""))) -> YPDA, 4 | E18: B | F18: YPDA | H18: =IF(OR(M18="",E18=""),"",IF(COUNTIF($O$3:$O$92,O18)>1,COUNTIF($O$3:O18,O18),"")) -> 4 | M18: =IF(COUNTA(E18:G18)=0,"",IF(B18<>"",B18,M17)) -> Arrangement 1 | N18: =IF(M18="","",IF(G18="","[control]",G18)) -> [control] | O18: =IF(M18="","",M18&"|"&E18&"|"&IF(F18="","[blank]",F18)&"|"&N18) -> Arrangement 1|B|YPDA|[control] | P18: =IF(M18="","",IF(E18="","Missing Set",IF(AND(B18<>"",COUNTIF($B$3:$B$92,B18)>1),"Duplicate Arrangement start",IF(D18="","Blank description","OK")))) -> OK
A19: =IF(M19="","",IFERROR(INDEX(Overview!$B$3:$B$62,MATCH(M19,Overview!$U$3:$U$62,0)),"")) -> 14.08.26 | C19: =IF(M19="","",COUNTIF($M$3:M19,M19)) -> 17 | D19: =IF(M19="","",IF(AND(F19="",G19=""),"",IF(F19<>"",F19,"")&IF(AND(F19<>"",G19<>"")," + ","")&IF(G19<>"",G19,"")&IF(H19<>"",", "&H19,""))) -> YPDA + heat, 1 | E19: B | F19: YPDA | G19: heat | H19: =IF(OR(M19="",E19=""),"",IF(COUNTIF($O$3:$O$92,O19)>1,COUNTIF($O$3:O19,O19),"")) -> 1 | M19: =IF(COUNTA(E19:G19)=0,"",IF(B19<>"",B19,M18)) -> Arrangement 1 | N19: =IF(M19="","",IF(G19="","[control]",G19)) -> heat | O19: =IF(M19="","",M19&"|"&E19&"|"&IF(F19="","[blank]",F19)&"|"&N19) -> Arrangement 1|B|YPDA|heat | P19: =IF(M19="","",IF(E19="","Missing Set",IF(AND(B19<>"",COUNTIF($B$3:$B$92,B19)>1),"Duplicate Arrangement start",IF(D19="","Blank description","OK")))) -> OK
A20: =IF(M20="","",IFERROR(INDEX(Overview!$B$3:$B$62,MATCH(M20,Overview!$U$3:$U$62,0)),"")) -> 14.08.26 | C20: =IF(M20="","",COUNTIF($M$3:M20,M20)) -> 18 | D20: =IF(M20="","",IF(AND(F20="",G20=""),"",IF(F20<>"",F20,"")&IF(AND(F20<>"",G20<>"")," + ","")&IF(G20<>"",G20,"")&IF(H20<>"",", "&H20,""))) -> YPDA + heat, 2 | E20: B | F20: YPDA | G20: heat | H20: =IF(OR(M20="",E20=""),"",IF(COUNTIF($O$3:$O$92,O20)>1,COUNTIF($O$3:O20,O20),"")) -> 2 | M20: =IF(COUNTA(E20:G20)=0,"",IF(B20<>"",B20,M19)) -> Arrangement 1 | N20: =IF(M20="","",IF(G20="","[control]",G20)) -> heat | O20: =IF(M20="","",M20&"|"&E20&"|"&IF(F20="","[blank]",F20)&"|"&N20) -> Arrangement 1|B|YPDA|heat | P20: =IF(M20="","",IF(E20="","Missing Set",IF(AND(B20<>"",COUNTIF($B$3:$B$92,B20)>1),"Duplicate Arrangement start",IF(D20="","Blank description","OK")))) -> OK
A21: =IF(M21="","",IFERROR(INDEX(Overview!$B$3:$B$62,MATCH(M21,Overview!$U$3:$U$62,0)),"")) -> 14.08.26 | C21: =IF(M21="","",COUNTIF($M$3:M21,M21)) -> 19 | D21: =IF(M21="","",IF(AND(F21="",G21=""),"",IF(F21<>"",F21,"")&IF(AND(F21<>"",G21<>"")," + ","")&IF(G21<>"",G21,"")&IF(H21<>"",", "&H21,""))) -> YPDA + heat, 3 | E21: B | F21: YPDA | G21: heat | H21: =IF(OR(M21="",E21=""),"",IF(COUNTIF($O$3:$O$92,O21)>1,COUNTIF($O$3:O21,O21),"")) -> 3 | M21: =IF(COUNTA(E21:G21)=0,"",IF(B21<>"",B21,M20)) -> Arrangement 1 | N21: =IF(M21="","",IF(G21="","[control]",G21)) -> heat | O21: =IF(M21="","",M21&"|"&E21&"|"&IF(F21="","[blank]",F21)&"|"&N21) -> Arrangement 1|B|YPDA|heat | P21: =IF(M21="","",IF(E21="","Missing Set",IF(AND(B21<>"",COUNTIF($B$3:$B$92,B21)>1),"Duplicate Arrangement start",IF(D21="","Blank description","OK")))) -> OK
A22: =IF(M22="","",IFERROR(INDEX(Overview!$B$3:$B$62,MATCH(M22,Overview!$U$3:$U$62,0)),"")) -> 14.08.26 | C22: =IF(M22="","",COUNTIF($M$3:M22,M22)) -> 20 | D22: =IF(M22="","",IF(AND(F22="",G22=""),"",IF(F22<>"",F22,"")&IF(AND(F22<>"",G22<>"")," + ","")&IF(G22<>"",G22,"")&IF(H22<>"",", "&H22,""))) -> YPDA + heat, 4 | E22: B | F22: YPDA | G22: heat | H22: =IF(OR(M22="",E22=""),"",IF(COUNTIF($O$3:$O$92,O22)>1,COUNTIF($O$3:O22,O22),"")) -> 4 | M22: =IF(COUNTA(E22:G22)=0,"",IF(B22<>"",B22,M21)) -> Arrangement 1 | N22: =IF(M22="","",IF(G22="","[control]",G22)) -> heat | O22: =IF(M22="","",M22&"|"&E22&"|"&IF(F22="","[blank]",F22)&"|"&N22) -> Arrangement 1|B|YPDA|heat | P22: =IF(M22="","",IF(E22="","Missing Set",IF(AND(B22<>"",COUNTIF($B$3:$B$92,B22)>1),"Duplicate Arrangement start",IF(D22="","Blank description","OK")))) -> OK
A23: =IF(M23="","",IFERROR(INDEX(Overview!$B$3:$B$62,MATCH(M23,Overview!$U$3:$U$62,0)),"")) -> 14.08.26 | C23: =IF(M23="","",COUNTIF($M$3:M23,M23)) -> 21 | D23: =IF(M23="","",IF(AND(F23="",G23=""),"",IF(F23<>"",F23,"")&IF(AND(F23<>"",G23<>"")," + ","")&IF(G23<>"",G23,"")&IF(H23<>"",", "&H23,""))) -> YPDA + salt, 1 | E23: B | F23: YPDA | G23: salt | H23: =IF(OR(M23="",E23=""),"",IF(COUNTIF($O$3:$O$92,O23)>1,COUNTIF($O$3:O23,O23),"")) -> 1 | M23: =IF(COUNTA(E23:G23)=0,"",IF(B23<>"",B23,M22)) -> Arrangement 1 | N23: =IF(M23="","",IF(G23="","[control]",G23)) -> salt | O23: =IF(M23="","",M23&"|"&E23&"|"&IF(F23="","[blank]",F23)&"|"&N23) -> Arrangement 1|B|YPDA|salt | P23: =IF(M23="","",IF(E23="","Missing Set",IF(AND(B23<>"",COUNTIF($B$3:$B$92,B23)>1),"Duplicate Arrangement start",IF(D23="","Blank description","OK")))) -> OK
A24: =IF(M24="","",IFERROR(INDEX(Overview!$B$3:$B$62,MATCH(M24,Overview!$U$3:$U$62,0)),"")) -> 14.08.26 | C24: =IF(M24="","",COUNTIF($M$3:M24,M24)) -> 22 | D24: =IF(M24="","",IF(AND(F24="",G24=""),"",IF(F24<>"",F24,"")&IF(AND(F24<>"",G24<>"")," + ","")&IF(G24<>"",G24,"")&IF(H24<>"",", "&H24,""))) -> YPDA + salt, 2 | E24: B | F24: YPDA | G24: salt | H24: =IF(OR(M24="",E24=""),"",IF(COUNTIF($O$3:$O$92,O24)>1,COUNTIF($O$3:O24,O24),"")) -> 2 | M24: =IF(COUNTA(E24:G24)=0,"",IF(B24<>"",B24,M23)) -> Arrangement 1 | N24: =IF(M24="","",IF(G24="","[control]",G24)) -> salt | O24: =IF(M24="","",M24&"|"&E24&"|"&IF(F24="","[blank]",F24)&"|"&N24) -> Arrangement 1|B|YPDA|salt | P24: =IF(M24="","",IF(E24="","Missing Set",IF(AND(B24<>"",COUNTIF($B$3:$B$92,B24)>1),"Duplicate Arrangement start",IF(D24="","Blank description","OK")))) -> OK
A25: =IF(M25="","",IFERROR(INDEX(Overview!$B$3:$B$62,MATCH(M25,Overview!$U$3:$U$62,0)),"")) -> 14.08.26 | C25: =IF(M25="","",COUNTIF($M$3:M25,M25)) -> 23 | D25: =IF(M25="","",IF(AND(F25="",G25=""),"",IF(F25<>"",F25,"")&IF(AND(F25<>"",G25<>"")," + ","")&IF(G25<>"",G25,"")&IF(H25<>"",", "&H25,""))) -> YPDA + salt, 3 | E25: B | F25: YPDA | G25: salt | H25: =IF(OR(M25="",E25=""),"",IF(COUNTIF($O$3:$O$92,O25)>1,COUNTIF($O$3:O25,O25),"")) -> 3 | M25: =IF(COUNTA(E25:G25)=0,"",IF(B25<>"",B25,M24)) -> Arrangement 1 | N25: =IF(M25="","",IF(G25="","[control]",G25)) -> salt | O25: =IF(M25="","",M25&"|"&E25&"|"&IF(F25="","[blank]",F25)&"|"&N25) -> Arrangement 1|B|YPDA|salt | P25: =IF(M25="","",IF(E25="","Missing Set",IF(AND(B25<>"",COUNTIF($B$3:$B$92,B25)>1),"Duplicate Arrangement start",IF(D25="","Blank description","OK")))) -> OK
A26: =IF(M26="","",IFERROR(INDEX(Overview!$B$3:$B$62,MATCH(M26,Overview!$U$3:$U$62,0)),"")) -> 14.08.26 | C26: =IF(M26="","",COUNTIF($M$3:M26,M26)) -> 24 | D26: =IF(M26="","",IF(AND(F26="",G26=""),"",IF(F26<>"",F26,"")&IF(AND(F26<>"",G26<>"")," + ","")&IF(G26<>"",G26,"")&IF(H26<>"",", "&H26,""))) -> YPDA + salt, 4 | E26: B | F26: YPDA | G26: salt | H26: =IF(OR(M26="",E26=""),"",IF(COUNTIF($O$3:$O$92,O26)>1,COUNTIF($O$3:O26,O26),"")) -> 4 | M26: =IF(COUNTA(E26:G26)=0,"",IF(B26<>"",B26,M25)) -> Arrangement 1 | N26: =IF(M26="","",IF(G26="","[control]",G26)) -> salt | O26: =IF(M26="","",M26&"|"&E26&"|"&IF(F26="","[blank]",F26)&"|"&N26) -> Arrangement 1|B|YPDA|salt | P26: =IF(M26="","",IF(E26="","Missing Set",IF(AND(B26<>"",COUNTIF($B$3:$B$92,B26)>1),"Duplicate Arrangement start",IF(D26="","Blank description","OK")))) -> OK
A27: =IF(M27="","",IFERROR(INDEX(Overview!$B$3:$B$62,MATCH(M27,Overview!$U$3:$U$62,0)),"")) -> 16.08.26 | B27: Arrangement 2 | C27: =IF(M27="","",COUNTIF($M$3:M27,M27)) -> 1 | D27: =IF(M27="","",IF(AND(F27="",G27=""),"",IF(F27<>"",F27,"")&IF(AND(F27<>"",G27<>"")," + ","")&IF(G27<>"",G27,"")&IF(H27<>"",", "&H27,""))) -> YPDA, 1 | E27: A | F27: YPDA | H27: =IF(OR(M27="",E27=""),"",IF(COUNTIF($O$3:$O$92,O27)>1,COUNTIF($O$3:O27,O27),"")) -> 1 | M27: =IF(COUNTA(E27:G27)=0,"",IF(B27<>"",B27,M26)) -> Arrangement 2 | N27: =IF(M27="","",IF(G27="","[control]",G27)) -> [control] | O27: =IF(M27="","",M27&"|"&E27&"|"&IF(F27="","[blank]",F27)&"|"&N27) -> Arrangement 2|A|YPDA|[control] | P27: =IF(M27="","",IF(E27="","Missing Set",IF(AND(B27<>"",COUNTIF($B$3:$B$92,B27)>1),"Duplicate Arrangement start",IF(D27="","Blank description","OK")))) -> OK
A28: =IF(M28="","",IFERROR(INDEX(Overview!$B$3:$B$62,MATCH(M28,Overview!$U$3:$U$62,0)),"")) -> 16.08.26 | C28: =IF(M28="","",COUNTIF($M$3:M28,M28)) -> 2 | D28: =IF(M28="","",IF(AND(F28="",G28=""),"",IF(F28<>"",F28,"")&IF(AND(F28<>"",G28<>"")," + ","")&IF(G28<>"",G28,"")&IF(H28<>"",", "&H28,""))) -> YPDA, 2 | E28: A | F28: YPDA | H28: =IF(OR(M28="",E28=""),"",IF(COUNTIF($O$3:$O$92,O28)>1,COUNTIF($O$3:O28,O28),"")) -> 2 | M28: =IF(COUNTA(E28:G28)=0,"",IF(B28<>"",B28,M27)) -> Arrangement 2 | N28: =IF(M28="","",IF(G28="","[control]",G28)) -> [control] | O28: =IF(M28="","",M28&"|"&E28&"|"&IF(F28="","[blank]",F28)&"|"&N28) -> Arrangement 2|A|YPDA|[control] | P28: =IF(M28="","",IF(E28="","Missing Set",IF(AND(B28<>"",COUNTIF($B$3:$B$92,B28)>1),"Duplicate Arrangement start",IF(D28="","Blank description","OK")))) -> OK
A29: =IF(M29="","",IFERROR(INDEX(Overview!$B$3:$B$62,MATCH(M29,Overview!$U$3:$U$62,0)),"")) -> 16.08.26 | C29: =IF(M29="","",COUNTIF($M$3:M29,M29)) -> 3 | D29: =IF(M29="","",IF(AND(F29="",G29=""),"",IF(F29<>"",F29,"")&IF(AND(F29<>"",G29<>"")," + ","")&IF(G29<>"",G29,"")&IF(H29<>"",", "&H29,""))) -> YPDA, 3 | E29: A | F29: YPDA | H29: =IF(OR(M29="",E29=""),"",IF(COUNTIF($O$3:$O$92,O29)>1,COUNTIF($O$3:O29,O29),"")) -> 3 | M29: =IF(COUNTA(E29:G29)=0,"",IF(B29<>"",B29,M28)) -> Arrangement 2 | N29: =IF(M29="","",IF(G29="","[control]",G29)) -> [control] | O29: =IF(M29="","",M29&"|"&E29&"|"&IF(F29="","[blank]",F29)&"|"&N29) -> Arrangement 2|A|YPDA|[control] | P29: =IF(M29="","",IF(E29="","Missing Set",IF(AND(B29<>"",COUNTIF($B$3:$B$92,B29)>1),"Duplicate Arrangement start",IF(D29="","Blank description","OK")))) -> OK
A30: =IF(M30="","",IFERROR(INDEX(Overview!$B$3:$B$62,MATCH(M30,Overview!$U$3:$U$62,0)),"")) -> 16.08.26 | C30: =IF(M30="","",COUNTIF($M$3:M30,M30)) -> 4 | D30: =IF(M30="","",IF(AND(F30="",G30=""),"",IF(F30<>"",F30,"")&IF(AND(F30<>"",G30<>"")," + ","")&IF(G30<>"",G30,"")&IF(H30<>"",", "&H30,""))) -> YPDA, 4 | E30: A | F30: YPDA | H30: =IF(OR(M30="",E30=""),"",IF(COUNTIF($O$3:$O$92,O30)>1,COUNTIF($O$3:O30,O30),"")) -> 4 | M30: =IF(COUNTA(E30:G30)=0,"",IF(B30<>"",B30,M29)) -> Arrangement 2 | N30: =IF(M30="","",IF(G30="","[control]",G30)) -> [control] | O30: =IF(M30="","",M30&"|"&E30&"|"&IF(F30="","[blank]",F30)&"|"&N30) -> Arrangement 2|A|YPDA|[control] | P30: =IF(M30="","",IF(E30="","Missing Set",IF(AND(B30<>"",COUNTIF($B$3:$B$92,B30)>1),"Duplicate Arrangement start",IF(D30="","Blank description","OK")))) -> OK
A31: =IF(M31="","",IFERROR(INDEX(Overview!$B$3:$B$62,MATCH(M31,Overview!$U$3:$U$62,0)),"")) -> 16.08.26 | C31: =IF(M31="","",COUNTIF($M$3:M31,M31)) -> 5 | D31: =IF(M31="","",IF(AND(F31="",G31=""),"",IF(F31<>"",F31,"")&IF(AND(F31<>"",G31<>"")," + ","")&IF(G31<>"",G31,"")&IF(H31<>"",", "&H31,""))) -> YPDA + heat, 1 | E31: A | F31: YPDA | G31: heat | H31: =IF(OR(M31="",E31=""),"",IF(COUNTIF($O$3:$O$92,O31)>1,COUNTIF($O$3:O31,O31),"")) -> 1 | M31: =IF(COUNTA(E31:G31)=0,"",IF(B31<>"",B31,M30)) -> Arrangement 2 | N31: =IF(M31="","",IF(G31="","[control]",G31)) -> heat | O31: =IF(M31="","",M31&"|"&E31&"|"&IF(F31="","[blank]",F31)&"|"&N31) -> Arrangement 2|A|YPDA|heat | P31: =IF(M31="","",IF(E31="","Missing Set",IF(AND(B31<>"",COUNTIF($B$3:$B$92,B31)>1),"Duplicate Arrangement start",IF(D31="","Blank description","OK")))) -> OK
A32: =IF(M32="","",IFERROR(INDEX(Overview!$B$3:$B$62,MATCH(M32,Overview!$U$3:$U$62,0)),"")) -> 16.08.26 | C32: =IF(M32="","",COUNTIF($M$3:M32,M32)) -> 6 | D32: =IF(M32="","",IF(AND(F32="",G32=""),"",IF(F32<>"",F32,"")&IF(AND(F32<>"",G32<>"")," + ","")&IF(G32<>"",G32,"")&IF(H32<>"",", "&H32,""))) -> YPDA + heat, 2 | E32: A | F32: YPDA | G32: heat | H32: =IF(OR(M32="",E32=""),"",IF(COUNTIF($O$3:$O$92,O32)>1,COUNTIF($O$3:O32,O32),"")) -> 2 | M32: =IF(COUNTA(E32:G32)=0,"",IF(B32<>"",B32,M31)) -> Arrangement 2 | N32: =IF(M32="","",IF(G32="","[control]",G32)) -> heat | O32: =IF(M32="","",M32&"|"&E32&"|"&IF(F32="","[blank]",F32)&"|"&N32) -> Arrangement 2|A|YPDA|heat | P32: =IF(M32="","",IF(E32="","Missing Set",IF(AND(B32<>"",COUNTIF($B$3:$B$92,B32)>1),"Duplicate Arrangement start",IF(D32="","Blank description","OK")))) -> OK
A33: =IF(M33="","",IFERROR(INDEX(Overview!$B$3:$B$62,MATCH(M33,Overview!$U$3:$U$62,0)),"")) -> 16.08.26 | C33: =IF(M33="","",COUNTIF($M$3:M33,M33)) -> 7 | D33: =IF(M33="","",IF(AND(F33="",G33=""),"",IF(F33<>"",F33,"")&IF(AND(F33<>"",G33<>"")," + ","")&IF(G33<>"",G33,"")&IF(H33<>"",", "&H33,""))) -> YPDA + heat, 3 | E33: A | F33: YPDA | G33: heat | H33: =IF(OR(M33="",E33=""),"",IF(COUNTIF($O$3:$O$92,O33)>1,COUNTIF($O$3:O33,O33),"")) -> 3 | M33: =IF(COUNTA(E33:G33)=0,"",IF(B33<>"",B33,M32)) -> Arrangement 2 | N33: =IF(M33="","",IF(G33="","[control]",G33)) -> heat | O33: =IF(M33="","",M33&"|"&E33&"|"&IF(F33="","[blank]",F33)&"|"&N33) -> Arrangement 2|A|YPDA|heat | P33: =IF(M33="","",IF(E33="","Missing Set",IF(AND(B33<>"",COUNTIF($B$3:$B$92,B33)>1),"Duplicate Arrangement start",IF(D33="","Blank description","OK")))) -> OK
A34: =IF(M34="","",IFERROR(INDEX(Overview!$B$3:$B$62,MATCH(M34,Overview!$U$3:$U$62,0)),"")) -> 16.08.26 | C34: =IF(M34="","",COUNTIF($M$3:M34,M34)) -> 8 | D34: =IF(M34="","",IF(AND(F34="",G34=""),"",IF(F34<>"",F34,"")&IF(AND(F34<>"",G34<>"")," + ","")&IF(G34<>"",G34,"")&IF(H34<>"",", "&H34,""))) -> YPDA + heat, 4 | E34: A | F34: YPDA | G34: heat | H34: =IF(OR(M34="",E34=""),"",IF(COUNTIF($O$3:$O$92,O34)>1,COUNTIF($O$3:O34,O34),"")) -> 4 | M34: =IF(COUNTA(E34:G34)=0,"",IF(B34<>"",B34,M33)) -> Arrangement 2 | N34: =IF(M34="","",IF(G34="","[control]",G34)) -> heat | O34: =IF(M34="","",M34&"|"&E34&"|"&IF(F34="","[blank]",F34)&"|"&N34) -> Arrangement 2|A|YPDA|heat | P34: =IF(M34="","",IF(E34="","Missing Set",IF(AND(B34<>"",COUNTIF($B$3:$B$92,B34)>1),"Duplicate Arrangement start",IF(D34="","Blank description","OK")))) -> OK
A35: =IF(M35="","",IFERROR(INDEX(Overview!$B$3:$B$62,MATCH(M35,Overview!$U$3:$U$62,0)),"")) -> 16.08.26 | C35: =IF(M35="","",COUNTIF($M$3:M35,M35)) -> 9 | D35: =IF(M35="","",IF(AND(F35="",G35=""),"",IF(F35<>"",F35,"")&IF(AND(F35<>"",G35<>"")," + ","")&IF(G35<>"",G35,"")&IF(H35<>"",", "&H35,""))) -> YPDA + salt, 1 | E35: A | F35: YPDA | G35: salt | H35: =IF(OR(M35="",E35=""),"",IF(COUNTIF($O$3:$O$92,O35)>1,COUNTIF($O$3:O35,O35),"")) -> 1 | M35: =IF(COUNTA(E35:G35)=0,"",IF(B35<>"",B35,M34)) -> Arrangement 2 | N35: =IF(M35="","",IF(G35="","[control]",G35)) -> salt | O35: =IF(M35="","",M35&"|"&E35&"|"&IF(F35="","[blank]",F35)&"|"&N35) -> Arrangement 2|A|YPDA|salt | P35: =IF(M35="","",IF(E35="","Missing Set",IF(AND(B35<>"",COUNTIF($B$3:$B$92,B35)>1),"Duplicate Arrangement start",IF(D35="","Blank description","OK")))) -> OK
A36: =IF(M36="","",IFERROR(INDEX(Overview!$B$3:$B$62,MATCH(M36,Overview!$U$3:$U$62,0)),"")) -> 16.08.26 | C36: =IF(M36="","",COUNTIF($M$3:M36,M36)) -> 10 | D36: =IF(M36="","",IF(AND(F36="",G36=""),"",IF(F36<>"",F36,"")&IF(AND(F36<>"",G36<>"")," + ","")&IF(G36<>"",G36,"")&IF(H36<>"",", "&H36,""))) -> YPDA + salt, 2 | E36: A | F36: YPDA | G36: salt | H36: =IF(OR(M36="",E36=""),"",IF(COUNTIF($O$3:$O$92,O36)>1,COUNTIF($O$3:O36,O36),"")) -> 2 | M36: =IF(COUNTA(E36:G36)=0,"",IF(B36<>"",B36,M35)) -> Arrangement 2 | N36: =IF(M36="","",IF(G36="","[control]",G36)) -> salt | O36: =IF(M36="","",M36&"|"&E36&"|"&IF(F36="","[blank]",F36)&"|"&N36) -> Arrangement 2|A|YPDA|salt | P36: =IF(M36="","",IF(E36="","Missing Set",IF(AND(B36<>"",COUNTIF($B$3:$B$92,B36)>1),"Duplicate Arrangement start",IF(D36="","Blank description","OK")))) -> OK
A37: =IF(M37="","",IFERROR(INDEX(Overview!$B$3:$B$62,MATCH(M37,Overview!$U$3:$U$62,0)),"")) -> 16.08.26 | C37: =IF(M37="","",COUNTIF($M$3:M37,M37)) -> 11 | D37: =IF(M37="","",IF(AND(F37="",G37=""),"",IF(F37<>"",F37,"")&IF(AND(F37<>"",G37<>"")," + ","")&IF(G37<>"",G37,"")&IF(H37<>"",", "&H37,""))) -> YPDA + salt, 3 | E37: A | F37: YPDA | G37: salt | H37: =IF(OR(M37="",E37=""),"",IF(COUNTIF($O$3:$O$92,O37)>1,COUNTIF($O$3:O37,O37),"")) -> 3 | M37: =IF(COUNTA(E37:G37)=0,"",IF(B37<>"",B37,M36)) -> Arrangement 2 | N37: =IF(M37="","",IF(G37="","[control]",G37)) -> salt | O37: =IF(M37="","",M37&"|"&E37&"|"&IF(F37="","[blank]",F37)&"|"&N37) -> Arrangement 2|A|YPDA|salt | P37: =IF(M37="","",IF(E37="","Missing Set",IF(AND(B37<>"",COUNTIF($B$3:$B$92,B37)>1),"Duplicate Arrangement start",IF(D37="","Blank description","OK")))) -> OK
A38: =IF(M38="","",IFERROR(INDEX(Overview!$B$3:$B$62,MATCH(M38,Overview!$U$3:$U$62,0)),"")) -> 16.08.26 | C38: =IF(M38="","",COUNTIF($M$3:M38,M38)) -> 12 | D38: =IF(M38="","",IF(AND(F38="",G38=""),"",IF(F38<>"",F38,"")&IF(AND(F38<>"",G38<>"")," + ","")&IF(G38<>"",G38,"")&IF(H38<>"",", "&H38,""))) -> YPDA + salt, 4 | E38: A | F38: YPDA | G38: salt | H38: =IF(OR(M38="",E38=""),"",IF(COUNTIF($O$3:$O$92,O38)>1,COUNTIF($O$3:O38,O38),"")) -> 4 | M38: =IF(COUNTA(E38:G38)=0,"",IF(B38<>"",B38,M37)) -> Arrangement 2 | N38: =IF(M38="","",IF(G38="","[control]",G38)) -> salt | O38: =IF(M38="","",M38&"|"&E38&"|"&IF(F38="","[blank]",F38)&"|"&N38) -> Arrangement 2|A|YPDA|salt | P38: =IF(M38="","",IF(E38="","Missing Set",IF(AND(B38<>"",COUNTIF($B$3:$B$92,B38)>1),"Duplicate Arrangement start",IF(D38="","Blank description","OK")))) -> OK
A39: =IF(M39="","",IFERROR(INDEX(Overview!$B$3:$B$62,MATCH(M39,Overview!$U$3:$U$62,0)),"")) -> 16.08.26 | C39: =IF(M39="","",COUNTIF($M$3:M39,M39)) -> 13 | D39: =IF(M39="","",IF(AND(F39="",G39=""),"",IF(F39<>"",F39,"")&IF(AND(F39<>"",G39<>"")," + ","")&IF(G39<>"",G39,"")&IF(H39<>"",", "&H39,""))) -> YPDA, 1 | E39: B | F39: YPDA | H39: =IF(OR(M39="",E39=""),"",IF(COUNTIF($O$3:$O$92,O39)>1,COUNTIF($O$3:O39,O39),"")) -> 1 | M39: =IF(COUNTA(E39:G39)=0,"",IF(B39<>"",B39,M38)) -> Arrangement 2 | N39: =IF(M39="","",IF(G39="","[control]",G39)) -> [control] | O39: =IF(M39="","",M39&"|"&E39&"|"&IF(F39="","[blank]",F39)&"|"&N39) -> Arrangement 2|B|YPDA|[control] | P39: =IF(M39="","",IF(E39="","Missing Set",IF(AND(B39<>"",COUNTIF($B$3:$B$92,B39)>1),"Duplicate Arrangement start",IF(D39="","Blank description","OK")))) -> OK
A40: =IF(M40="","",IFERROR(INDEX(Overview!$B$3:$B$62,MATCH(M40,Overview!$U$3:$U$62,0)),"")) -> 16.08.26 | C40: =IF(M40="","",COUNTIF($M$3:M40,M40)) -> 14 | D40: =IF(M40="","",IF(AND(F40="",G40=""),"",IF(F40<>"",F40,"")&IF(AND(F40<>"",G40<>"")," + ","")&IF(G40<>"",G40,"")&IF(H40<>"",", "&H40,""))) -> YPDA, 2 | E40: B | F40: YPDA | H40: =IF(OR(M40="",E40=""),"",IF(COUNTIF($O$3:$O$92,O40)>1,COUNTIF($O$3:O40,O40),"")) -> 2 | M40: =IF(COUNTA(E40:G40)=0,"",IF(B40<>"",B40,M39)) -> Arrangement 2 | N40: =IF(M40="","",IF(G40="","[control]",G40)) -> [control] | O40: =IF(M40="","",M40&"|"&E40&"|"&IF(F40="","[blank]",F40)&"|"&N40) -> Arrangement 2|B|YPDA|[control] | P40: =IF(M40="","",IF(E40="","Missing Set",IF(AND(B40<>"",COUNTIF($B$3:$B$92,B40)>1),"Duplicate Arrangement start",IF(D40="","Blank description","OK")))) -> OK
A41: =IF(M41="","",IFERROR(INDEX(Overview!$B$3:$B$62,MATCH(M41,Overview!$U$3:$U$62,0)),"")) -> 16.08.26 | C41: =IF(M41="","",COUNTIF($M$3:M41,M41)) -> 15 | D41: =IF(M41="","",IF(AND(F41="",G41=""),"",IF(F41<>"",F41,"")&IF(AND(F41<>"",G41<>"")," + ","")&IF(G41<>"",G41,"")&IF(H41<>"",", "&H41,""))) -> YPDA, 3 | E41: B | F41: YPDA | H41: =IF(OR(M41="",E41=""),"",IF(COUNTIF($O$3:$O$92,O41)>1,COUNTIF($O$3:O41,O41),"")) -> 3 | M41: =IF(COUNTA(E41:G41)=0,"",IF(B41<>"",B41,M40)) -> Arrangement 2 | N41: =IF(M41="","",IF(G41="","[control]",G41)) -> [control] | O41: =IF(M41="","",M41&"|"&E41&"|"&IF(F41="","[blank]",F41)&"|"&N41) -> Arrangement 2|B|YPDA|[control] | P41: =IF(M41="","",IF(E41="","Missing Set",IF(AND(B41<>"",COUNTIF($B$3:$B$92,B41)>1),"Duplicate Arrangement start",IF(D41="","Blank description","OK")))) -> OK
A42: =IF(M42="","",IFERROR(INDEX(Overview!$B$3:$B$62,MATCH(M42,Overview!$U$3:$U$62,0)),"")) -> 16.08.26 | C42: =IF(M42="","",COUNTIF($M$3:M42,M42)) -> 16 | D42: =IF(M42="","",IF(AND(F42="",G42=""),"",IF(F42<>"",F42,"")&IF(AND(F42<>"",G42<>"")," + ","")&IF(G42<>"",G42,"")&IF(H42<>"",", "&H42,""))) -> YPDA, 4 | E42: B | F42: YPDA | H42: =IF(OR(M42="",E42=""),"",IF(COUNTIF($O$3:$O$92,O42)>1,COUNTIF($O$3:O42,O42),"")) -> 4 | M42: =IF(COUNTA(E42:G42)=0,"",IF(B42<>"",B42,M41)) -> Arrangement 2 | N42: =IF(M42="","",IF(G42="","[control]",G42)) -> [control] | O42: =IF(M42="","",M42&"|"&E42&"|"&IF(F42="","[blank]",F42)&"|"&N42) -> Arrangement 2|B|YPDA|[control] | P42: =IF(M42="","",IF(E42="","Missing Set",IF(AND(B42<>"",COUNTIF($B$3:$B$92,B42)>1),"Duplicate Arrangement start",IF(D42="","Blank description","OK")))) -> OK
A43: =IF(M43="","",IFERROR(INDEX(Overview!$B$3:$B$62,MATCH(M43,Overview!$U$3:$U$62,0)),"")) -> 16.08.26 | C43: =IF(M43="","",COUNTIF($M$3:M43,M43)) -> 17 | D43: =IF(M43="","",IF(AND(F43="",G43=""),"",IF(F43<>"",F43,"")&IF(AND(F43<>"",G43<>"")," + ","")&IF(G43<>"",G43,"")&IF(H43<>"",", "&H43,""))) -> YPDA + heat, 1 | E43: B | F43: YPDA | G43: heat | H43: =IF(OR(M43="",E43=""),"",IF(COUNTIF($O$3:$O$92,O43)>1,COUNTIF($O$3:O43,O43),"")) -> 1 | M43: =IF(COUNTA(E43:G43)=0,"",IF(B43<>"",B43,M42)) -> Arrangement 2 | N43: =IF(M43="","",IF(G43="","[control]",G43)) -> heat | O43: =IF(M43="","",M43&"|"&E43&"|"&IF(F43="","[blank]",F43)&"|"&N43) -> Arrangement 2|B|YPDA|heat | P43: =IF(M43="","",IF(E43="","Missing Set",IF(AND(B43<>"",COUNTIF($B$3:$B$92,B43)>1),"Duplicate Arrangement start",IF(D43="","Blank description","OK")))) -> OK
A44: =IF(M44="","",IFERROR(INDEX(Overview!$B$3:$B$62,MATCH(M44,Overview!$U$3:$U$62,0)),"")) -> 16.08.26 | C44: =IF(M44="","",COUNTIF($M$3:M44,M44)) -> 18 | D44: =IF(M44="","",IF(AND(F44="",G44=""),"",IF(F44<>"",F44,"")&IF(AND(F44<>"",G44<>"")," + ","")&IF(G44<>"",G44,"")&IF(H44<>"",", "&H44,""))) -> YPDA + heat, 2 | E44: B | F44: YPDA | G44: heat | H44: =IF(OR(M44="",E44=""),"",IF(COUNTIF($O$3:$O$92,O44)>1,COUNTIF($O$3:O44,O44),"")) -> 2 | M44: =IF(COUNTA(E44:G44)=0,"",IF(B44<>"",B44,M43)) -> Arrangement 2 | N44: =IF(M44="","",IF(G44="","[control]",G44)) -> heat | O44: =IF(M44="","",M44&"|"&E44&"|"&IF(F44="","[blank]",F44)&"|"&N44) -> Arrangement 2|B|YPDA|heat | P44: =IF(M44="","",IF(E44="","Missing Set",IF(AND(B44<>"",COUNTIF($B$3:$B$92,B44)>1),"Duplicate Arrangement start",IF(D44="","Blank description","OK")))) -> OK
A45: =IF(M45="","",IFERROR(INDEX(Overview!$B$3:$B$62,MATCH(M45,Overview!$U$3:$U$62,0)),"")) -> 16.08.26 | C45: =IF(M45="","",COUNTIF($M$3:M45,M45)) -> 19 | D45: =IF(M45="","",IF(AND(F45="",G45=""),"",IF(F45<>"",F45,"")&IF(AND(F45<>"",G45<>"")," + ","")&IF(G45<>"",G45,"")&IF(H45<>"",", "&H45,""))) -> YPDA + heat, 3 | E45: B | F45: YPDA | G45: heat | H45: =IF(OR(M45="",E45=""),"",IF(COUNTIF($O$3:$O$92,O45)>1,COUNTIF($O$3:O45,O45),"")) -> 3 | M45: =IF(COUNTA(E45:G45)=0,"",IF(B45<>"",B45,M44)) -> Arrangement 2 | N45: =IF(M45="","",IF(G45="","[control]",G45)) -> heat | O45: =IF(M45="","",M45&"|"&E45&"|"&IF(F45="","[blank]",F45)&"|"&N45) -> Arrangement 2|B|YPDA|heat | P45: =IF(M45="","",IF(E45="","Missing Set",IF(AND(B45<>"",COUNTIF($B$3:$B$92,B45)>1),"Duplicate Arrangement start",IF(D45="","Blank description","OK")))) -> OK
A46: =IF(M46="","",IFERROR(INDEX(Overview!$B$3:$B$62,MATCH(M46,Overview!$U$3:$U$62,0)),"")) -> 16.08.26 | C46: =IF(M46="","",COUNTIF($M$3:M46,M46)) -> 20 | D46: =IF(M46="","",IF(AND(F46="",G46=""),"",IF(F46<>"",F46,"")&IF(AND(F46<>"",G46<>"")," + ","")&IF(G46<>"",G46,"")&IF(H46<>"",", "&H46,""))) -> YPDA + heat, 4 | E46: B | F46: YPDA | G46: heat | H46: =IF(OR(M46="",E46=""),"",IF(COUNTIF($O$3:$O$92,O46)>1,COUNTIF($O$3:O46,O46),"")) -> 4 | M46: =IF(COUNTA(E46:G46)=0,"",IF(B46<>"",B46,M45)) -> Arrangement 2 | N46: =IF(M46="","",IF(G46="","[control]",G46)) -> heat | O46: =IF(M46="","",M46&"|"&E46&"|"&IF(F46="","[blank]",F46)&"|"&N46) -> Arrangement 2|B|YPDA|heat | P46: =IF(M46="","",IF(E46="","Missing Set",IF(AND(B46<>"",COUNTIF($B$3:$B$92,B46)>1),"Duplicate Arrangement start",IF(D46="","Blank description","OK")))) -> OK
A47: =IF(M47="","",IFERROR(INDEX(Overview!$B$3:$B$62,MATCH(M47,Overview!$U$3:$U$62,0)),"")) -> 16.08.26 | C47: =IF(M47="","",COUNTIF($M$3:M47,M47)) -> 21 | D47: =IF(M47="","",IF(AND(F47="",G47=""),"",IF(F47<>"",F47,"")&IF(AND(F47<>"",G47<>"")," + ","")&IF(G47<>"",G47,"")&IF(H47<>"",", "&H47,""))) -> YPDA + salt, 1 | E47: B | F47: YPDA | G47: salt | H47: =IF(OR(M47="",E47=""),"",IF(COUNTIF($O$3:$O$92,O47)>1,COUNTIF($O$3:O47,O47),"")) -> 1 | M47: =IF(COUNTA(E47:G47)=0,"",IF(B47<>"",B47,M46)) -> Arrangement 2 | N47: =IF(M47="","",IF(G47="","[control]",G47)) -> salt | O47: =IF(M47="","",M47&"|"&E47&"|"&IF(F47="","[blank]",F47)&"|"&N47) -> Arrangement 2|B|YPDA|salt | P47: =IF(M47="","",IF(E47="","Missing Set",IF(AND(B47<>"",COUNTIF($B$3:$B$92,B47)>1),"Duplicate Arrangement start",IF(D47="","Blank description","OK")))) -> OK
A48: =IF(M48="","",IFERROR(INDEX(Overview!$B$3:$B$62,MATCH(M48,Overview!$U$3:$U$62,0)),"")) -> 16.08.26 | C48: =IF(M48="","",COUNTIF($M$3:M48,M48)) -> 22 | D48: =IF(M48="","",IF(AND(F48="",G48=""),"",IF(F48<>"",F48,"")&IF(AND(F48<>"",G48<>"")," + ","")&IF(G48<>"",G48,"")&IF(H48<>"",", "&H48,""))) -> YPDA + salt, 2 | E48: B | F48: YPDA | G48: salt | H48: =IF(OR(M48="",E48=""),"",IF(COUNTIF($O$3:$O$92,O48)>1,COUNTIF($O$3:O48,O48),"")) -> 2 | M48: =IF(COUNTA(E48:G48)=0,"",IF(B48<>"",B48,M47)) -> Arrangement 2 | N48: =IF(M48="","",IF(G48="","[control]",G48)) -> salt | O48: =IF(M48="","",M48&"|"&E48&"|"&IF(F48="","[blank]",F48)&"|"&N48) -> Arrangement 2|B|YPDA|salt | P48: =IF(M48="","",IF(E48="","Missing Set",IF(AND(B48<>"",COUNTIF($B$3:$B$92,B48)>1),"Duplicate Arrangement start",IF(D48="","Blank description","OK")))) -> OK
A49: =IF(M49="","",IFERROR(INDEX(Overview!$B$3:$B$62,MATCH(M49,Overview!$U$3:$U$62,0)),"")) -> 16.08.26 | C49: =IF(M49="","",COUNTIF($M$3:M49,M49)) -> 23 | D49: =IF(M49="","",IF(AND(F49="",G49=""),"",IF(F49<>"",F49,"")&IF(AND(F49<>"",G49<>"")," + ","")&IF(G49<>"",G49,"")&IF(H49<>"",", "&H49,""))) -> YPDA + salt, 3 | E49: B | F49: YPDA | G49: salt | H49: =IF(OR(M49="",E49=""),"",IF(COUNTIF($O$3:$O$92,O49)>1,COUNTIF($O$3:O49,O49),"")) -> 3 | M49: =IF(COUNTA(E49:G49)=0,"",IF(B49<>"",B49,M48)) -> Arrangement 2 | N49: =IF(M49="","",IF(G49="","[control]",G49)) -> salt | O49: =IF(M49="","",M49&"|"&E49&"|"&IF(F49="","[blank]",F49)&"|"&N49) -> Arrangement 2|B|YPDA|salt | P49: =IF(M49="","",IF(E49="","Missing Set",IF(AND(B49<>"",COUNTIF($B$3:$B$92,B49)>1),"Duplicate Arrangement start",IF(D49="","Blank description","OK")))) -> OK
A50: =IF(M50="","",IFERROR(INDEX(Overview!$B$3:$B$62,MATCH(M50,Overview!$U$3:$U$62,0)),"")) -> 16.08.26 | C50: =IF(M50="","",COUNTIF($M$3:M50,M50)) -> 24 | D50: =IF(M50="","",IF(AND(F50="",G50=""),"",IF(F50<>"",F50,"")&IF(AND(F50<>"",G50<>"")," + ","")&IF(G50<>"",G50,"")&IF(H50<>"",", "&H50,""))) -> YPDA + salt, 4 | E50: B | F50: YPDA | G50: salt | H50: =IF(OR(M50="",E50=""),"",IF(COUNTIF($O$3:$O$92,O50)>1,COUNTIF($O$3:O50,O50),"")) -> 4 | M50: =IF(COUNTA(E50:G50)=0,"",IF(B50<>"",B50,M49)) -> Arrangement 2 | N50: =IF(M50="","",IF(G50="","[control]",G50)) -> salt | O50: =IF(M50="","",M50&"|"&E50&"|"&IF(F50="","[blank]",F50)&"|"&N50) -> Arrangement 2|B|YPDA|salt | P50: =IF(M50="","",IF(E50="","Missing Set",IF(AND(B50<>"",COUNTIF($B$3:$B$92,B50)>1),"Duplicate Arrangement start",IF(D50="","Blank description","OK")))) -> OK
A51: =IF(M51="","",IFERROR(INDEX(Overview!$B$3:$B$62,MATCH(M51,Overview!$U$3:$U$62,0)),"")) -> 16.08.26 | C51: =IF(M51="","",COUNTIF($M$3:M51,M51)) -> 25 | D51: =IF(M51="","",IF(AND(F51="",G51=""),"",IF(F51<>"",F51,"")&IF(AND(F51<>"",G51<>"")," + ","")&IF(G51<>"",G51,"")&IF(H51<>"",", "&H51,""))) -> sugar | E51: c | G51: sugar | H51: =IF(OR(M51="",E51=""),"",IF(COUNTIF($O$3:$O$92,O51)>1,COUNTIF($O$3:O51,O51),"")) | M51: =IF(COUNTA(E51:G51)=0,"",IF(B51<>"",B51,M50)) -> Arrangement 2 | N51: =IF(M51="","",IF(G51="","[control]",G51)) -> sugar | O51: =IF(M51="","",M51&"|"&E51&"|"&IF(F51="","[blank]",F51)&"|"&N51) -> Arrangement 2|c|[blank]|sugar | P51: =IF(M51="","",IF(E51="","Missing Set",IF(AND(B51<>"",COUNTIF($B$3:$B$92,B51)>1),"Duplicate Arrangement start",IF(D51="","Blank description","OK")))) -> OK
A52: =IF(M52="","",IFERROR(INDEX(Overview!$B$3:$B$62,MATCH(M52,Overview!$U$3:$U$62,0)),"")) | C52: =IF(M52="","",COUNTIF($M$3:M52,M52)) | D52: =IF(M52="","",IF(AND(F52="",G52=""),"",IF(F52<>"",F52,"")&IF(AND(F52<>"",G52<>"")," + ","")&IF(G52<>"",G52,"")&IF(H52<>"",", "&H52,""))) | H52: =IF(OR(M52="",E52=""),"",IF(COUNTIF($O$3:$O$92,O52)>1,COUNTIF($O$3:O52,O52),"")) | M52: =IF(COUNTA(E52:G52)=0,"",IF(B52<>"",B52,M51)) | N52: =IF(M52="","",IF(G52="","[control]",G52)) | O52: =IF(M52="","",M52&"|"&E52&"|"&IF(F52="","[blank]",F52)&"|"&N52) | P52: =IF(M52="","",IF(E52="","Missing Set",IF(AND(B52<>"",COUNTIF($B$3:$B$92,B52)>1),"Duplicate Arrangement start",IF(D52="","Blank description","OK"))))
A53: =IF(M53="","",IFERROR(INDEX(Overview!$B$3:$B$62,MATCH(M53,Overview!$U$3:$U$62,0)),"")) | C53: =IF(M53="","",COUNTIF($M$3:M53,M53)) | D53: =IF(M53="","",IF(AND(F53="",G53=""),"",IF(F53<>"",F53,"")&IF(AND(F53<>"",G53<>"")," + ","")&IF(G53<>"",G53,"")&IF(H53<>"",", "&H53,""))) | H53: =IF(OR(M53="",E53=""),"",IF(COUNTIF($O$3:$O$92,O53)>1,COUNTIF($O$3:O53,O53),"")) | M53: =IF(COUNTA(E53:G53)=0,"",IF(B53<>"",B53,M52)) | N53: =IF(M53="","",IF(G53="","[control]",G53)) | O53: =IF(M53="","",M53&"|"&E53&"|"&IF(F53="","[blank]",F53)&"|"&N53) | P53: =IF(M53="","",IF(E53="","Missing Set",IF(AND(B53<>"",COUNTIF($B$3:$B$92,B53)>1),"Duplicate Arrangement start",IF(D53="","Blank description","OK"))))
A54: =IF(M54="","",IFERROR(INDEX(Overview!$B$3:$B$62,MATCH(M54,Overview!$U$3:$U$62,0)),"")) | C54: =IF(M54="","",COUNTIF($M$3:M54,M54)) | D54: =IF(M54="","",IF(AND(F54="",G54=""),"",IF(F54<>"",F54,"")&IF(AND(F54<>"",G54<>"")," + ","")&IF(G54<>"",G54,"")&IF(H54<>"",", "&H54,""))) | H54: =IF(OR(M54="",E54=""),"",IF(COUNTIF($O$3:$O$92,O54)>1,COUNTIF($O$3:O54,O54),"")) | M54: =IF(COUNTA(E54:G54)=0,"",IF(B54<>"",B54,M53)) | N54: =IF(M54="","",IF(G54="","[control]",G54)) | O54: =IF(M54="","",M54&"|"&E54&"|"&IF(F54="","[blank]",F54)&"|"&N54) | P54: =IF(M54="","",IF(E54="","Missing Set",IF(AND(B54<>"",COUNTIF($B$3:$B$92,B54)>1),"Duplicate Arrangement start",IF(D54="","Blank description","OK"))))
A55: =IF(M55="","",IFERROR(INDEX(Overview!$B$3:$B$62,MATCH(M55,Overview!$U$3:$U$62,0)),"")) | C55: =IF(M55="","",COUNTIF($M$3:M55,M55)) | D55: =IF(M55="","",IF(AND(F55="",G55=""),"",IF(F55<>"",F55,"")&IF(AND(F55<>"",G55<>"")," + ","")&IF(G55<>"",G55,"")&IF(H55<>"",", "&H55,""))) | H55: =IF(OR(M55="",E55=""),"",IF(COUNTIF($O$3:$O$92,O55)>1,COUNTIF($O$3:O55,O55),"")) | M55: =IF(COUNTA(E55:G55)=0,"",IF(B55<>"",B55,M54)) | N55: =IF(M55="","",IF(G55="","[control]",G55)) | O55: =IF(M55="","",M55&"|"&E55&"|"&IF(F55="","[blank]",F55)&"|"&N55) | P55: =IF(M55="","",IF(E55="","Missing Set",IF(AND(B55<>"",COUNTIF($B$3:$B$92,B55)>1),"Duplicate Arrangement start",IF(D55="","Blank description","OK"))))
A56: =IF(M56="","",IFERROR(INDEX(Overview!$B$3:$B$62,MATCH(M56,Overview!$U$3:$U$62,0)),"")) | C56: =IF(M56="","",COUNTIF($M$3:M56,M56)) | D56: =IF(M56="","",IF(AND(F56="",G56=""),"",IF(F56<>"",F56,"")&IF(AND(F56<>"",G56<>"")," + ","")&IF(G56<>"",G56,"")&IF(H56<>"",", "&H56,""))) | H56: =IF(OR(M56="",E56=""),"",IF(COUNTIF($O$3:$O$92,O56)>1,COUNTIF($O$3:O56,O56),"")) | M56: =IF(COUNTA(E56:G56)=0,"",IF(B56<>"",B56,M55)) | N56: =IF(M56="","",IF(G56="","[control]",G56)) | O56: =IF(M56="","",M56&"|"&E56&"|"&IF(F56="","[blank]",F56)&"|"&N56) | P56: =IF(M56="","",IF(E56="","Missing Set",IF(AND(B56<>"",COUNTIF($B$3:$B$92,B56)>1),"Duplicate Arrangement start",IF(D56="","Blank description","OK"))))
A57: =IF(M57="","",IFERROR(INDEX(Overview!$B$3:$B$62,MATCH(M57,Overview!$U$3:$U$62,0)),"")) | C57: =IF(M57="","",COUNTIF($M$3:M57,M57)) | D57: =IF(M57="","",IF(AND(F57="",G57=""),"",IF(F57<>"",F57,"")&IF(AND(F57<>"",G57<>"")," + ","")&IF(G57<>"",G57,"")&IF(H57<>"",", "&H57,""))) | H57: =IF(OR(M57="",E57=""),"",IF(COUNTIF($O$3:$O$92,O57)>1,COUNTIF($O$3:O57,O57),"")) | M57: =IF(COUNTA(E57:G57)=0,"",IF(B57<>"",B57,M56)) | N57: =IF(M57="","",IF(G57="","[control]",G57)) | O57: =IF(M57="","",M57&"|"&E57&"|"&IF(F57="","[blank]",F57)&"|"&N57) | P57: =IF(M57="","",IF(E57="","Missing Set",IF(AND(B57<>"",COUNTIF($B$3:$B$92,B57)>1),"Duplicate Arrangement start",IF(D57="","Blank description","OK"))))
A58: =IF(M58="","",IFERROR(INDEX(Overview!$B$3:$B$62,MATCH(M58,Overview!$U$3:$U$62,0)),"")) | C58: =IF(M58="","",COUNTIF($M$3:M58,M58)) | D58: =IF(M58="","",IF(AND(F58="",G58=""),"",IF(F58<>"",F58,"")&IF(AND(F58<>"",G58<>"")," + ","")&IF(G58<>"",G58,"")&IF(H58<>"",", "&H58,""))) | H58: =IF(OR(M58="",E58=""),"",IF(COUNTIF($O$3:$O$92,O58)>1,COUNTIF($O$3:O58,O58),"")) | M58: =IF(COUNTA(E58:G58)=0,"",IF(B58<>"",B58,M57)) | N58: =IF(M58="","",IF(G58="","[control]",G58)) | O58: =IF(M58="","",M58&"|"&E58&"|"&IF(F58="","[blank]",F58)&"|"&N58) | P58: =IF(M58="","",IF(E58="","Missing Set",IF(AND(B58<>"",COUNTIF($B$3:$B$92,B58)>1),"Duplicate Arrangement start",IF(D58="","Blank description","OK"))))
A59: =IF(M59="","",IFERROR(INDEX(Overview!$B$3:$B$62,MATCH(M59,Overview!$U$3:$U$62,0)),"")) | C59: =IF(M59="","",COUNTIF($M$3:M59,M59)) | D59: =IF(M59="","",IF(AND(F59="",G59=""),"",IF(F59<>"",F59,"")&IF(AND(F59<>"",G59<>"")," + ","")&IF(G59<>"",G59,"")&IF(H59<>"",", "&H59,""))) | H59: =IF(OR(M59="",E59=""),"",IF(COUNTIF($O$3:$O$92,O59)>1,COUNTIF($O$3:O59,O59),"")) | M59: =IF(COUNTA(E59:G59)=0,"",IF(B59<>"",B59,M58)) | N59: =IF(M59="","",IF(G59="","[control]",G59)) | O59: =IF(M59="","",M59&"|"&E59&"|"&IF(F59="","[blank]",F59)&"|"&N59) | P59: =IF(M59="","",IF(E59="","Missing Set",IF(AND(B59<>"",COUNTIF($B$3:$B$92,B59)>1),"Duplicate Arrangement start",IF(D59="","Blank description","OK"))))
A60: =IF(M60="","",IFERROR(INDEX(Overview!$B$3:$B$62,MATCH(M60,Overview!$U$3:$U$62,0)),"")) | C60: =IF(M60="","",COUNTIF($M$3:M60,M60)) | D60: =IF(M60="","",IF(AND(F60="",G60=""),"",IF(F60<>"",F60,"")&IF(AND(F60<>"",G60<>"")," + ","")&IF(G60<>"",G60,"")&IF(H60<>"",", "&H60,""))) | H60: =IF(OR(M60="",E60=""),"",IF(COUNTIF($O$3:$O$92,O60)>1,COUNTIF($O$3:O60,O60),"")) | M60: =IF(COUNTA(E60:G60)=0,"",IF(B60<>"",B60,M59)) | N60: =IF(M60="","",IF(G60="","[control]",G60)) | O60: =IF(M60="","",M60&"|"&E60&"|"&IF(F60="","[blank]",F60)&"|"&N60) | P60: =IF(M60="","",IF(E60="","Missing Set",IF(AND(B60<>"",COUNTIF($B$3:$B$92,B60)>1),"Duplicate Arrangement start",IF(D60="","Blank description","OK"))))
A61: =IF(M61="","",IFERROR(INDEX(Overview!$B$3:$B$62,MATCH(M61,Overview!$U$3:$U$62,0)),"")) | C61: =IF(M61="","",COUNTIF($M$3:M61,M61)) | D61: =IF(M61="","",IF(AND(F61="",G61=""),"",IF(F61<>"",F61,"")&IF(AND(F61<>"",G61<>"")," + ","")&IF(G61<>"",G61,"")&IF(H61<>"",", "&H61,""))) | H61: =IF(OR(M61="",E61=""),"",IF(COUNTIF($O$3:$O$92,O61)>1,COUNTIF($O$3:O61,O61),"")) | M61: =IF(COUNTA(E61:G61)=0,"",IF(B61<>"",B61,M60)) | N61: =IF(M61="","",IF(G61="","[control]",G61)) | O61: =IF(M61="","",M61&"|"&E61&"|"&IF(F61="","[blank]",F61)&"|"&N61) | P61: =IF(M61="","",IF(E61="","Missing Set",IF(AND(B61<>"",COUNTIF($B$3:$B$92,B61)>1),"Duplicate Arrangement start",IF(D61="","Blank description","OK"))))
A62: =IF(M62="","",IFERROR(INDEX(Overview!$B$3:$B$62,MATCH(M62,Overview!$U$3:$U$62,0)),"")) | C62: =IF(M62="","",COUNTIF($M$3:M62,M62)) | D62: =IF(M62="","",IF(AND(F62="",G62=""),"",IF(F62<>"",F62,"")&IF(AND(F62<>"",G62<>"")," + ","")&IF(G62<>"",G62,"")&IF(H62<>"",", "&H62,""))) | H62: =IF(OR(M62="",E62=""),"",IF(COUNTIF($O$3:$O$92,O62)>1,COUNTIF($O$3:O62,O62),"")) | M62: =IF(COUNTA(E62:G62)=0,"",IF(B62<>"",B62,M61)) | N62: =IF(M62="","",IF(G62="","[control]",G62)) | O62: =IF(M62="","",M62&"|"&E62&"|"&IF(F62="","[blank]",F62)&"|"&N62) | P62: =IF(M62="","",IF(E62="","Missing Set",IF(AND(B62<>"",COUNTIF($B$3:$B$92,B62)>1),"Duplicate Arrangement start",IF(D62="","Blank description","OK"))))
A63: =IF(M63="","",IFERROR(INDEX(Overview!$B$3:$B$62,MATCH(M63,Overview!$U$3:$U$62,0)),"")) | C63: =IF(M63="","",COUNTIF($M$3:M63,M63)) | D63: =IF(M63="","",IF(AND(F63="",G63=""),"",IF(F63<>"",F63,"")&IF(AND(F63<>"",G63<>"")," + ","")&IF(G63<>"",G63,"")&IF(H63<>"",", "&H63,""))) | H63: =IF(OR(M63="",E63=""),"",IF(COUNTIF($O$3:$O$92,O63)>1,COUNTIF($O$3:O63,O63),"")) | M63: =IF(COUNTA(E63:G63)=0,"",IF(B63<>"",B63,M62)) | N63: =IF(M63="","",IF(G63="","[control]",G63)) | O63: =IF(M63="","",M63&"|"&E63&"|"&IF(F63="","[blank]",F63)&"|"&N63) | P63: =IF(M63="","",IF(E63="","Missing Set",IF(AND(B63<>"",COUNTIF($B$3:$B$92,B63)>1),"Duplicate Arrangement start",IF(D63="","Blank description","OK"))))
... A92: =IF(M92="","",IFERROR(INDEX(Overview!$B$3:$B$62,MATCH(M92,Overview!$U$3:$U$62,0)),"")) | C92: =IF(M92="","",COUNTIF($M$3:M92,M92)) | D92: =IF(M92="","",IF(AND(F92="",G92=""),"",IF(F92<>"",F92,"")&IF(AND(F92<>"",G92<>"")," + ","")&IF(G92<>"",G92,"")&IF(H92<>"",", "&H92,""))) | H92: =IF(OR(M92="",E92=""),"",IF(COUNTIF($O$3:$O$92,O92)>1,COUNTIF($O$3:O92,O92),"")) | M92: =IF(COUNTA(E92:G92)=0,"",IF(B92<>"",B92,M91)) | N92: =IF(M92="","",IF(G92="","[control]",G92)) | O92: =IF(M92="","",M92&"|"&E92&"|"&IF(F92="","[blank]",F92)&"|"&N92) | P92: =IF(M92="","",IF(E92="","Missing Set",IF(AND(B92<>"",COUNTIF($B$3:$B$92,B92)>1),"Duplicate Arrangement start",IF(D92="","Blank description","OK"))))

Sheet Annotations
A1: ANNOTATION SET ASSIGNMENTS | H1: STRAIN LABEL PROFILES — labels_strain populates right to left | M1: VERTICAL LABEL PROFILES | R1: OTHER LABEL PROFILES | W1: CONTROLS | Z1: STRAIN MACHINE | AE1: VERTICAL MACHINE | AJ1: OTHER MACHINE | AY1: Active highlight | AZ1: TRUE
A2: Date | B2: annotationSet | C2: Type | D2: Profile | E2: Order | F2: Check | H2: Strain profile | I2: Set | J2: labels_strain | K2: Pos | M2: Vertical profile | N2: Set | O2: labels_vertical | P2: Pos | R2: Other profile | S2: Set | T2: labels_other | U2: Pos | W2: VBA controls | Z2: Profile* | AA2: Set* | AB2: Key* | AC2: Check* | AE2: Profile* | AF2: Set* | AG2: Key* | AH2: Check* | AJ2: Profile* | AK2: Set* | AL2: Key* | AM2: Check* | AY2: Legend visible | AZ2: FALSE
A3: =IF(B3="","",IFERROR(INDEX(Overview!$B$3:$B$62,MATCH(B3,Overview!$V$3:$V$62,0)),"")) -> 14.08.26 | B3: annotationSet 1 | C3: strain | D3: Strain 1 | E3: 1 | F3: =IF(B3="","",IF(OR(C3="",D3="",E3=""),"Incomplete assignment",IF(NOT(OR(C3="strain",C3="vertical",C3="other")),"Invalid Type",IF(OR(NOT(ISNUMBER(E3)),E3<1,INT(E3)<>E3),"Invalid Order",IF(IF(C3="strain",COUNTIF($Z$3:$Z$47,D3),IF(C3="vertical",COUNTIF($AE$3:$AE$47,D3),COUNTIF($AJ$3:$AJ$47,D3)))=0,"Unknown profile",IF(IF(C3="strain",COUNTIFS($Z$3:$Z$47,D3,$AC$3:$AC$47,"<>OK"),IF(C3="vertical",COUNTIFS($AE$3:$AE$47,D3,$AH$3:$AH$47,"<>OK"),COUNTIFS($AJ$3:$AJ$47,D3,$AM$3:$AM$47,"<>OK")))>0,"Profile errors",IF(COUNTIFS($B$3:$B$46,B3,$C$3:$C$46,C3,$D$3:$D$46,D3)>1,"Duplicate profile assignment",IF(COUNTIFS($B$3:$B$46,B3,$C$3:$C$46,C3,$E$3:$E$46,E3)>1,"Duplicate Order","OK")))))))) -> OK | H3: Strain 1 | I3: A | J3: strain1 | K3: =IF(OR(Z3="",AA3=""),"",COUNTIFS($Z$3:Z3,Z3,$AA$3:AA3,AA3)) -> 1 | M3: Vertical 1 | N3: A | O3: 0 | P3: =IF(OR(AE3="",AF3=""),"",COUNTIFS($AE$3:AE3,AE3,$AF$3:AF3,AF3)) -> 1 | R3: Other 1 | S3: A | T3: leftA1 | U3: =IF(OR(AJ3="",AK3=""),"",COUNTIFS($AJ$3:AJ3,AJ3,$AK$3:AK3,AK3)) -> 1 | W3: LIVE / PAUSED | Z3: =IF(J3="","",IF(H3<>"",H3,"")) -> Strain 1 | AA3: =IF(J3="","",IF(I3<>"",I3,"")) -> A | AB3: =IF(OR(Z3="",AA3=""),"",Z3&"|"&AA3&"|"&TEXT(K3,"000")) -> Strain 1|A|001 | AC3: =IF(J3="","",IF(Z3="","Missing profile",IF(AA3="","Missing Set",IF(COUNTIF($AB$3:$AB$47,AB3)>1,"Duplicate key","OK")))) -> OK | AE3: =IF(O3="","",IF(M3<>"",M3,"")) -> Vertical 1 | AF3: =IF(O3="","",IF(N3<>"",N3,"")) -> A | AG3: =IF(OR(AE3="",AF3=""),"",AE3&"|"&AF3&"|"&TEXT(P3,"000")) -> Vertical 1|A|001 | AH3: =IF(O3="","",IF(AE3="","Missing profile",IF(AF3="","Missing Set",IF(COUNTIF($AG$3:$AG$47,AG3)>1,"Duplicate key","OK")))) -> OK | AJ3: =IF(T3="","",IF(R3<>"",R3,"")) -> Other 1 | AK3: =IF(T3="","",IF(S3<>"",S3,"")) -> A | AL3: =IF(OR(AJ3="",AK3=""),"",AJ3&"|"&AK3&"|"&TEXT(U3,"000")) -> Other 1|A|001 | AM3: =IF(T3="","",IF(AJ3="","Missing profile",IF(AK3="","Missing Set",IF(COUNTIF($AL$3:$AL$47,AL3)>1,"Duplicate key","OK")))) -> OK | AY3: VBA live | AZ3: FALSE
A4: =IF(B4="","",IFERROR(INDEX(Overview!$B$3:$B$62,MATCH(B4,Overview!$V$3:$V$62,0)),"")) -> 14.08.26 | B4: annotationSet 1 | C4: vertical | D4: Vertical 1 | E4: 1 | F4: =IF(B4="","",IF(OR(C4="",D4="",E4=""),"Incomplete assignment",IF(NOT(OR(C4="strain",C4="vertical",C4="other")),"Invalid Type",IF(OR(NOT(ISNUMBER(E4)),E4<1,INT(E4)<>E4),"Invalid Order",IF(IF(C4="strain",COUNTIF($Z$3:$Z$47,D4),IF(C4="vertical",COUNTIF($AE$3:$AE$47,D4),COUNTIF($AJ$3:$AJ$47,D4)))=0,"Unknown profile",IF(IF(C4="strain",COUNTIFS($Z$3:$Z$47,D4,$AC$3:$AC$47,"<>OK"),IF(C4="vertical",COUNTIFS($AE$3:$AE$47,D4,$AH$3:$AH$47,"<>OK"),COUNTIFS($AJ$3:$AJ$47,D4,$AM$3:$AM$47,"<>OK")))>0,"Profile errors",IF(COUNTIFS($B$3:$B$46,B4,$C$3:$C$46,C4,$D$3:$D$46,D4)>1,"Duplicate profile assignment",IF(COUNTIFS($B$3:$B$46,B4,$C$3:$C$46,C4,$E$3:$E$46,E4)>1,"Duplicate Order","OK")))))))) -> OK | J4: strain2 | K4: =IF(OR(Z4="",AA4=""),"",COUNTIFS($Z$3:Z4,Z4,$AA$3:AA4,AA4)) -> 2 | O4: -1 | P4: =IF(OR(AE4="",AF4=""),"",COUNTIFS($AE$3:AE4,AE4,$AF$3:AF4,AF4)) -> 2 | T4: leftA2 | U4: =IF(OR(AJ4="",AK4=""),"",COUNTIFS($AJ$3:AJ4,AJ4,$AK$3:AK4,AK4)) -> 2 | W4: Sync Now | Z4: =IF(J4="","",IF(H4<>"",H4,Z3)) -> Strain 1 | AA4: =IF(J4="","",IF(H4<>"",IF(I4<>"",I4,""),IF(I4<>"",I4,AA3))) -> A | AB4: =IF(OR(Z4="",AA4=""),"",Z4&"|"&AA4&"|"&TEXT(K4,"000")) -> Strain 1|A|002 | AC4: =IF(J4="","",IF(Z4="","Missing profile",IF(AA4="","Missing Set",IF(COUNTIF($AB$3:$AB$47,AB4)>1,"Duplicate key","OK")))) -> OK | AE4: =IF(O4="","",IF(M4<>"",M4,AE3)) -> Vertical 1 | AF4: =IF(O4="","",IF(M4<>"",IF(N4<>"",N4,""),IF(N4<>"",N4,AF3))) -> A | AG4: =IF(OR(AE4="",AF4=""),"",AE4&"|"&AF4&"|"&TEXT(P4,"000")) -> Vertical 1|A|002 | AH4: =IF(O4="","",IF(AE4="","Missing profile",IF(AF4="","Missing Set",IF(COUNTIF($AG$3:$AG$47,AG4)>1,"Duplicate key","OK")))) -> OK | AJ4: =IF(T4="","",IF(R4<>"",R4,AJ3)) -> Other 1 | AK4: =IF(T4="","",IF(R4<>"",IF(S4<>"",S4,""),IF(S4<>"",S4,AK3))) -> A | AL4: =IF(OR(AJ4="",AK4=""),"",AJ4&"|"&AK4&"|"&TEXT(U4,"000")) -> Other 1|A|002 | AM4: =IF(T4="","",IF(AJ4="","Missing profile",IF(AK4="","Missing Set",IF(COUNTIF($AL$3:$AL$47,AL4)>1,"Duplicate key","OK")))) -> OK | AY4: Sync pending | AZ4: FALSE
A5: =IF(B5="","",IFERROR(INDEX(Overview!$B$3:$B$62,MATCH(B5,Overview!$V$3:$V$62,0)),"")) -> 14.08.26 | B5: annotationSet 1 | C5: other | D5: Other 2 | E5: 1 | F5: =IF(B5="","",IF(OR(C5="",D5="",E5=""),"Incomplete assignment",IF(NOT(OR(C5="strain",C5="vertical",C5="other")),"Invalid Type",IF(OR(NOT(ISNUMBER(E5)),E5<1,INT(E5)<>E5),"Invalid Order",IF(IF(C5="strain",COUNTIF($Z$3:$Z$47,D5),IF(C5="vertical",COUNTIF($AE$3:$AE$47,D5),COUNTIF($AJ$3:$AJ$47,D5)))=0,"Unknown profile",IF(IF(C5="strain",COUNTIFS($Z$3:$Z$47,D5,$AC$3:$AC$47,"<>OK"),IF(C5="vertical",COUNTIFS($AE$3:$AE$47,D5,$AH$3:$AH$47,"<>OK"),COUNTIFS($AJ$3:$AJ$47,D5,$AM$3:$AM$47,"<>OK")))>0,"Profile errors",IF(COUNTIFS($B$3:$B$46,B5,$C$3:$C$46,C5,$D$3:$D$46,D5)>1,"Duplicate profile assignment",IF(COUNTIFS($B$3:$B$46,B5,$C$3:$C$46,C5,$E$3:$E$46,E5)>1,"Duplicate Order","OK")))))))) -> OK | J5: strain3 | K5: =IF(OR(Z5="",AA5=""),"",COUNTIFS($Z$3:Z5,Z5,$AA$3:AA5,AA5)) -> 3 | O5: -2 | P5: =IF(OR(AE5="",AF5=""),"",COUNTIFS($AE$3:AE5,AE5,$AF$3:AF5,AF5)) -> 3 | S5: B | T5: leftB1 | U5: =IF(OR(AJ5="",AK5=""),"",COUNTIFS($AJ$3:AJ5,AJ5,$AK$3:AK5,AK5)) -> 1 | W5: Legend (bottom) | Z5: =IF(J5="","",IF(H5<>"",H5,Z4)) -> Strain 1 | AA5: =IF(J5="","",IF(H5<>"",IF(I5<>"",I5,""),IF(I5<>"",I5,AA4))) -> A | AB5: =IF(OR(Z5="",AA5=""),"",Z5&"|"&AA5&"|"&TEXT(K5,"000")) -> Strain 1|A|003 | AC5: =IF(J5="","",IF(Z5="","Missing profile",IF(AA5="","Missing Set",IF(COUNTIF($AB$3:$AB$47,AB5)>1,"Duplicate key","OK")))) -> OK | AE5: =IF(O5="","",IF(M5<>"",M5,AE4)) -> Vertical 1 | AF5: =IF(O5="","",IF(M5<>"",IF(N5<>"",N5,""),IF(N5<>"",N5,AF4))) -> A | AG5: =IF(OR(AE5="",AF5=""),"",AE5&"|"&AF5&"|"&TEXT(P5,"000")) -> Vertical 1|A|003 | AH5: =IF(O5="","",IF(AE5="","Missing profile",IF(AF5="","Missing Set",IF(COUNTIF($AG$3:$AG$47,AG5)>1,"Duplicate key","OK")))) -> OK | AJ5: =IF(T5="","",IF(R5<>"",R5,AJ4)) -> Other 1 | AK5: =IF(T5="","",IF(R5<>"",IF(S5<>"",S5,""),IF(S5<>"",S5,AK4))) -> B | AL5: =IF(OR(AJ5="",AK5=""),"",AJ5&"|"&AK5&"|"&TEXT(U5,"000")) -> Other 1|B|001 | AM5: =IF(T5="","",IF(AJ5="","Missing profile",IF(AK5="","Missing Set",IF(COUNTIF($AL$3:$AL$47,AL5)>1,"Duplicate key","OK")))) -> OK | AY5: Capacity row | AZ5: 47
A6: =IF(B6="","",IFERROR(INDEX(Overview!$B$3:$B$62,MATCH(B6,Overview!$V$3:$V$62,0)),"")) -> 16.08.26 | B6: annotationSet 2 | C6: strain | D6: Strain 2 | E6: 1 | F6: =IF(B6="","",IF(OR(C6="",D6="",E6=""),"Incomplete assignment",IF(NOT(OR(C6="strain",C6="vertical",C6="other")),"Invalid Type",IF(OR(NOT(ISNUMBER(E6)),E6<1,INT(E6)<>E6),"Invalid Order",IF(IF(C6="strain",COUNTIF($Z$3:$Z$47,D6),IF(C6="vertical",COUNTIF($AE$3:$AE$47,D6),COUNTIF($AJ$3:$AJ$47,D6)))=0,"Unknown profile",IF(IF(C6="strain",COUNTIFS($Z$3:$Z$47,D6,$AC$3:$AC$47,"<>OK"),IF(C6="vertical",COUNTIFS($AE$3:$AE$47,D6,$AH$3:$AH$47,"<>OK"),COUNTIFS($AJ$3:$AJ$47,D6,$AM$3:$AM$47,"<>OK")))>0,"Profile errors",IF(COUNTIFS($B$3:$B$46,B6,$C$3:$C$46,C6,$D$3:$D$46,D6)>1,"Duplicate profile assignment",IF(COUNTIFS($B$3:$B$46,B6,$C$3:$C$46,C6,$E$3:$E$46,E6)>1,"Duplicate Order","OK")))))))) -> OK | J6: strain4 | K6: =IF(OR(Z6="",AA6=""),"",COUNTIFS($Z$3:Z6,Z6,$AA$3:AA6,AA6)) -> 4 | O6: -3 | P6: =IF(OR(AE6="",AF6=""),"",COUNTIFS($AE$3:AE6,AE6,$AF$3:AF6,AF6)) -> 4 | T6: leftB2 | U6: =IF(OR(AJ6="",AK6=""),"",COUNTIFS($AJ$3:AJ6,AJ6,$AK$3:AK6,AK6)) -> 2 | Z6: =IF(J6="","",IF(H6<>"",H6,Z5)) -> Strain 1 | AA6: =IF(J6="","",IF(H6<>"",IF(I6<>"",I6,""),IF(I6<>"",I6,AA5))) -> A | AB6: =IF(OR(Z6="",AA6=""),"",Z6&"|"&AA6&"|"&TEXT(K6,"000")) -> Strain 1|A|004 | AC6: =IF(J6="","",IF(Z6="","Missing profile",IF(AA6="","Missing Set",IF(COUNTIF($AB$3:$AB$47,AB6)>1,"Duplicate key","OK")))) -> OK | AE6: =IF(O6="","",IF(M6<>"",M6,AE5)) -> Vertical 1 | AF6: =IF(O6="","",IF(M6<>"",IF(N6<>"",N6,""),IF(N6<>"",N6,AF5))) -> A | AG6: =IF(OR(AE6="",AF6=""),"",AE6&"|"&AF6&"|"&TEXT(P6,"000")) -> Vertical 1|A|004 | AH6: =IF(O6="","",IF(AE6="","Missing profile",IF(AF6="","Missing Set",IF(COUNTIF($AG$3:$AG$47,AG6)>1,"Duplicate key","OK")))) -> OK | AJ6: =IF(T6="","",IF(R6<>"",R6,AJ5)) -> Other 1 | AK6: =IF(T6="","",IF(R6<>"",IF(S6<>"",S6,""),IF(S6<>"",S6,AK5))) -> B | AL6: =IF(OR(AJ6="",AK6=""),"",AJ6&"|"&AK6&"|"&TEXT(U6,"000")) -> Other 1|B|002 | AM6: =IF(T6="","",IF(AJ6="","Missing profile",IF(AK6="","Missing Set",IF(COUNTIF($AL$3:$AL$47,AL6)>1,"Duplicate key","OK")))) -> OK
A7: =IF(B7="","",IFERROR(INDEX(Overview!$B$3:$B$62,MATCH(B7,Overview!$V$3:$V$62,0)),"")) -> 16.08.26 | B7: annotationSet 2 | C7: vertical | D7: Vertical 1 | E7: 1 | F7: =IF(B7="","",IF(OR(C7="",D7="",E7=""),"Incomplete assignment",IF(NOT(OR(C7="strain",C7="vertical",C7="other")),"Invalid Type",IF(OR(NOT(ISNUMBER(E7)),E7<1,INT(E7)<>E7),"Invalid Order",IF(IF(C7="strain",COUNTIF($Z$3:$Z$47,D7),IF(C7="vertical",COUNTIF($AE$3:$AE$47,D7),COUNTIF($AJ$3:$AJ$47,D7)))=0,"Unknown profile",IF(IF(C7="strain",COUNTIFS($Z$3:$Z$47,D7,$AC$3:$AC$47,"<>OK"),IF(C7="vertical",COUNTIFS($AE$3:$AE$47,D7,$AH$3:$AH$47,"<>OK"),COUNTIFS($AJ$3:$AJ$47,D7,$AM$3:$AM$47,"<>OK")))>0,"Profile errors",IF(COUNTIFS($B$3:$B$46,B7,$C$3:$C$46,C7,$D$3:$D$46,D7)>1,"Duplicate profile assignment",IF(COUNTIFS($B$3:$B$46,B7,$C$3:$C$46,C7,$E$3:$E$46,E7)>1,"Duplicate Order","OK")))))))) -> OK | J7: strain5 | K7: =IF(OR(Z7="",AA7=""),"",COUNTIFS($Z$3:Z7,Z7,$AA$3:AA7,AA7)) -> 5 | O7: 0 | P7: =IF(OR(AE7="",AF7=""),"",COUNTIFS($AE$3:AE7,AE7,$AF$3:AF7,AF7)) -> 5 | R7: Other 2 | S7: A | T7: rightA1 | U7: =IF(OR(AJ7="",AK7=""),"",COUNTIFS($AJ$3:AJ7,AJ7,$AK$3:AK7,AK7)) -> 1 | Z7: =IF(J7="","",IF(H7<>"",H7,Z6)) -> Strain 1 | AA7: =IF(J7="","",IF(H7<>"",IF(I7<>"",I7,""),IF(I7<>"",I7,AA6))) -> A | AB7: =IF(OR(Z7="",AA7=""),"",Z7&"|"&AA7&"|"&TEXT(K7,"000")) -> Strain 1|A|005 | AC7: =IF(J7="","",IF(Z7="","Missing profile",IF(AA7="","Missing Set",IF(COUNTIF($AB$3:$AB$47,AB7)>1,"Duplicate key","OK")))) -> OK | AE7: =IF(O7="","",IF(M7<>"",M7,AE6)) -> Vertical 1 | AF7: =IF(O7="","",IF(M7<>"",IF(N7<>"",N7,""),IF(N7<>"",N7,AF6))) -> A | AG7: =IF(OR(AE7="",AF7=""),"",AE7&"|"&AF7&"|"&TEXT(P7,"000")) -> Vertical 1|A|005 | AH7: =IF(O7="","",IF(AE7="","Missing profile",IF(AF7="","Missing Set",IF(COUNTIF($AG$3:$AG$47,AG7)>1,"Duplicate key","OK")))) -> OK | AJ7: =IF(T7="","",IF(R7<>"",R7,AJ6)) -> Other 2 | AK7: =IF(T7="","",IF(R7<>"",IF(S7<>"",S7,""),IF(S7<>"",S7,AK6))) -> A | AL7: =IF(OR(AJ7="",AK7=""),"",AJ7&"|"&AK7&"|"&TEXT(U7,"000")) -> Other 2|A|001 | AM7: =IF(T7="","",IF(AJ7="","Missing profile",IF(AK7="","Missing Set",IF(COUNTIF($AL$3:$AL$47,AL7)>1,"Duplicate key","OK")))) -> OK
A8: =IF(B8="","",IFERROR(INDEX(Overview!$B$3:$B$62,MATCH(B8,Overview!$V$3:$V$62,0)),"")) -> 16.08.26 | B8: annotationSet 2 | C8: other | D8: Other 1 | E8: 1 | F8: =IF(B8="","",IF(OR(C8="",D8="",E8=""),"Incomplete assignment",IF(NOT(OR(C8="strain",C8="vertical",C8="other")),"Invalid Type",IF(OR(NOT(ISNUMBER(E8)),E8<1,INT(E8)<>E8),"Invalid Order",IF(IF(C8="strain",COUNTIF($Z$3:$Z$47,D8),IF(C8="vertical",COUNTIF($AE$3:$AE$47,D8),COUNTIF($AJ$3:$AJ$47,D8)))=0,"Unknown profile",IF(IF(C8="strain",COUNTIFS($Z$3:$Z$47,D8,$AC$3:$AC$47,"<>OK"),IF(C8="vertical",COUNTIFS($AE$3:$AE$47,D8,$AH$3:$AH$47,"<>OK"),COUNTIFS($AJ$3:$AJ$47,D8,$AM$3:$AM$47,"<>OK")))>0,"Profile errors",IF(COUNTIFS($B$3:$B$46,B8,$C$3:$C$46,C8,$D$3:$D$46,D8)>1,"Duplicate profile assignment",IF(COUNTIFS($B$3:$B$46,B8,$C$3:$C$46,C8,$E$3:$E$46,E8)>1,"Duplicate Order","OK")))))))) -> OK | J8: strain6 | K8: =IF(OR(Z8="",AA8=""),"",COUNTIFS($Z$3:Z8,Z8,$AA$3:AA8,AA8)) -> 6 | O8: -1 | P8: =IF(OR(AE8="",AF8=""),"",COUNTIFS($AE$3:AE8,AE8,$AF$3:AF8,AF8)) -> 6 | T8: rightA2 | U8: =IF(OR(AJ8="",AK8=""),"",COUNTIFS($AJ$3:AJ8,AJ8,$AK$3:AK8,AK8)) -> 2 | Z8: =IF(J8="","",IF(H8<>"",H8,Z7)) -> Strain 1 | AA8: =IF(J8="","",IF(H8<>"",IF(I8<>"",I8,""),IF(I8<>"",I8,AA7))) -> A | AB8: =IF(OR(Z8="",AA8=""),"",Z8&"|"&AA8&"|"&TEXT(K8,"000")) -> Strain 1|A|006 | AC8: =IF(J8="","",IF(Z8="","Missing profile",IF(AA8="","Missing Set",IF(COUNTIF($AB$3:$AB$47,AB8)>1,"Duplicate key","OK")))) -> OK | AE8: =IF(O8="","",IF(M8<>"",M8,AE7)) -> Vertical 1 | AF8: =IF(O8="","",IF(M8<>"",IF(N8<>"",N8,""),IF(N8<>"",N8,AF7))) -> A | AG8: =IF(OR(AE8="",AF8=""),"",AE8&"|"&AF8&"|"&TEXT(P8,"000")) -> Vertical 1|A|006 | AH8: =IF(O8="","",IF(AE8="","Missing profile",IF(AF8="","Missing Set",IF(COUNTIF($AG$3:$AG$47,AG8)>1,"Duplicate key","OK")))) -> OK | AJ8: =IF(T8="","",IF(R8<>"",R8,AJ7)) -> Other 2 | AK8: =IF(T8="","",IF(R8<>"",IF(S8<>"",S8,""),IF(S8<>"",S8,AK7))) -> A | AL8: =IF(OR(AJ8="",AK8=""),"",AJ8&"|"&AK8&"|"&TEXT(U8,"000")) -> Other 2|A|002 | AM8: =IF(T8="","",IF(AJ8="","Missing profile",IF(AK8="","Missing Set",IF(COUNTIF($AL$3:$AL$47,AL8)>1,"Duplicate key","OK")))) -> OK
A9: =IF(B9="","",IFERROR(INDEX(Overview!$B$3:$B$62,MATCH(B9,Overview!$V$3:$V$62,0)),"")) -> 16.08.26 | B9: annotationSet 2 | C9: other | D9: Other 2 | E9: 2 | F9: =IF(B9="","",IF(OR(C9="",D9="",E9=""),"Incomplete assignment",IF(NOT(OR(C9="strain",C9="vertical",C9="other")),"Invalid Type",IF(OR(NOT(ISNUMBER(E9)),E9<1,INT(E9)<>E9),"Invalid Order",IF(IF(C9="strain",COUNTIF($Z$3:$Z$47,D9),IF(C9="vertical",COUNTIF($AE$3:$AE$47,D9),COUNTIF($AJ$3:$AJ$47,D9)))=0,"Unknown profile",IF(IF(C9="strain",COUNTIFS($Z$3:$Z$47,D9,$AC$3:$AC$47,"<>OK"),IF(C9="vertical",COUNTIFS($AE$3:$AE$47,D9,$AH$3:$AH$47,"<>OK"),COUNTIFS($AJ$3:$AJ$47,D9,$AM$3:$AM$47,"<>OK")))>0,"Profile errors",IF(COUNTIFS($B$3:$B$46,B9,$C$3:$C$46,C9,$D$3:$D$46,D9)>1,"Duplicate profile assignment",IF(COUNTIFS($B$3:$B$46,B9,$C$3:$C$46,C9,$E$3:$E$46,E9)>1,"Duplicate Order","OK")))))))) -> OK | J9: strain7 | K9: =IF(OR(Z9="",AA9=""),"",COUNTIFS($Z$3:Z9,Z9,$AA$3:AA9,AA9)) -> 7 | O9: -2 | P9: =IF(OR(AE9="",AF9=""),"",COUNTIFS($AE$3:AE9,AE9,$AF$3:AF9,AF9)) -> 7 | T9: rightA3 | U9: =IF(OR(AJ9="",AK9=""),"",COUNTIFS($AJ$3:AJ9,AJ9,$AK$3:AK9,AK9)) -> 3 | Z9: =IF(J9="","",IF(H9<>"",H9,Z8)) -> Strain 1 | AA9: =IF(J9="","",IF(H9<>"",IF(I9<>"",I9,""),IF(I9<>"",I9,AA8))) -> A | AB9: =IF(OR(Z9="",AA9=""),"",Z9&"|"&AA9&"|"&TEXT(K9,"000")) -> Strain 1|A|007 | AC9: =IF(J9="","",IF(Z9="","Missing profile",IF(AA9="","Missing Set",IF(COUNTIF($AB$3:$AB$47,AB9)>1,"Duplicate key","OK")))) -> OK | AE9: =IF(O9="","",IF(M9<>"",M9,AE8)) -> Vertical 1 | AF9: =IF(O9="","",IF(M9<>"",IF(N9<>"",N9,""),IF(N9<>"",N9,AF8))) -> A | AG9: =IF(OR(AE9="",AF9=""),"",AE9&"|"&AF9&"|"&TEXT(P9,"000")) -> Vertical 1|A|007 | AH9: =IF(O9="","",IF(AE9="","Missing profile",IF(AF9="","Missing Set",IF(COUNTIF($AG$3:$AG$47,AG9)>1,"Duplicate key","OK")))) -> OK | AJ9: =IF(T9="","",IF(R9<>"",R9,AJ8)) -> Other 2 | AK9: =IF(T9="","",IF(R9<>"",IF(S9<>"",S9,""),IF(S9<>"",S9,AK8))) -> A | AL9: =IF(OR(AJ9="",AK9=""),"",AJ9&"|"&AK9&"|"&TEXT(U9,"000")) -> Other 2|A|003 | AM9: =IF(T9="","",IF(AJ9="","Missing profile",IF(AK9="","Missing Set",IF(COUNTIF($AL$3:$AL$47,AL9)>1,"Duplicate key","OK")))) -> OK
A10: =IF(B10="","",IFERROR(INDEX(Overview!$B$3:$B$62,MATCH(B10,Overview!$V$3:$V$62,0)),"")) | J10: strain8 | K10: =IF(OR(Z10="",AA10=""),"",COUNTIFS($Z$3:Z10,Z10,$AA$3:AA10,AA10)) -> 8 | O10: -3 | P10: =IF(OR(AE10="",AF10=""),"",COUNTIFS($AE$3:AE10,AE10,$AF$3:AF10,AF10)) -> 8 | S10: B | T10: rightB1 | U10: =IF(OR(AJ10="",AK10=""),"",COUNTIFS($AJ$3:AJ10,AJ10,$AK$3:AK10,AK10)) -> 1 | Z10: =IF(J10="","",IF(H10<>"",H10,Z9)) -> Strain 1 | AA10: =IF(J10="","",IF(H10<>"",IF(I10<>"",I10,""),IF(I10<>"",I10,AA9))) -> A | AB10: =IF(OR(Z10="",AA10=""),"",Z10&"|"&AA10&"|"&TEXT(K10,"000")) -> Strain 1|A|008 | AC10: =IF(J10="","",IF(Z10="","Missing profile",IF(AA10="","Missing Set",IF(COUNTIF($AB$3:$AB$47,AB10)>1,"Duplicate key","OK")))) -> OK | AE10: =IF(O10="","",IF(M10<>"",M10,AE9)) -> Vertical 1 | AF10: =IF(O10="","",IF(M10<>"",IF(N10<>"",N10,""),IF(N10<>"",N10,AF9))) -> A | AG10: =IF(OR(AE10="",AF10=""),"",AE10&"|"&AF10&"|"&TEXT(P10,"000")) -> Vertical 1|A|008 | AH10: =IF(O10="","",IF(AE10="","Missing profile",IF(AF10="","Missing Set",IF(COUNTIF($AG$3:$AG$47,AG10)>1,"Duplicate key","OK")))) -> OK | AJ10: =IF(T10="","",IF(R10<>"",R10,AJ9)) -> Other 2 | AK10: =IF(T10="","",IF(R10<>"",IF(S10<>"",S10,""),IF(S10<>"",S10,AK9))) -> B | AL10: =IF(OR(AJ10="",AK10=""),"",AJ10&"|"&AK10&"|"&TEXT(U10,"000")) -> Other 2|B|001 | AM10: =IF(T10="","",IF(AJ10="","Missing profile",IF(AK10="","Missing Set",IF(COUNTIF($AL$3:$AL$47,AL10)>1,"Duplicate key","OK")))) -> OK
A11: =IF(B11="","",IFERROR(INDEX(Overview!$B$3:$B$62,MATCH(B11,Overview!$V$3:$V$62,0)),"")) | J11: strain9 | K11: =IF(OR(Z11="",AA11=""),"",COUNTIFS($Z$3:Z11,Z11,$AA$3:AA11,AA11)) -> 9 | P11: =IF(OR(AE11="",AF11=""),"",COUNTIFS($AE$3:AE11,AE11,$AF$3:AF11,AF11)) | T11: rightB2 | U11: =IF(OR(AJ11="",AK11=""),"",COUNTIFS($AJ$3:AJ11,AJ11,$AK$3:AK11,AK11)) -> 2 | Z11: =IF(J11="","",IF(H11<>"",H11,Z10)) -> Strain 1 | AA11: =IF(J11="","",IF(H11<>"",IF(I11<>"",I11,""),IF(I11<>"",I11,AA10))) -> A | AB11: =IF(OR(Z11="",AA11=""),"",Z11&"|"&AA11&"|"&TEXT(K11,"000")) -> Strain 1|A|009 | AC11: =IF(J11="","",IF(Z11="","Missing profile",IF(AA11="","Missing Set",IF(COUNTIF($AB$3:$AB$47,AB11)>1,"Duplicate key","OK")))) -> OK | AE11: =IF(O11="","",IF(M11<>"",M11,AE10)) | AF11: =IF(O11="","",IF(M11<>"",IF(N11<>"",N11,""),IF(N11<>"",N11,AF10))) | AG11: =IF(OR(AE11="",AF11=""),"",AE11&"|"&AF11&"|"&TEXT(P11,"000")) | AH11: =IF(O11="","",IF(AE11="","Missing profile",IF(AF11="","Missing Set",IF(COUNTIF($AG$3:$AG$47,AG11)>1,"Duplicate key","OK")))) | AJ11: =IF(T11="","",IF(R11<>"",R11,AJ10)) -> Other 2 | AK11: =IF(T11="","",IF(R11<>"",IF(S11<>"",S11,""),IF(S11<>"",S11,AK10))) -> B | AL11: =IF(OR(AJ11="",AK11=""),"",AJ11&"|"&AK11&"|"&TEXT(U11,"000")) -> Other 2|B|002 | AM11: =IF(T11="","",IF(AJ11="","Missing profile",IF(AK11="","Missing Set",IF(COUNTIF($AL$3:$AL$47,AL11)>1,"Duplicate key","OK")))) -> OK
A12: =IF(B12="","",IFERROR(INDEX(Overview!$B$3:$B$62,MATCH(B12,Overview!$V$3:$V$62,0)),"")) | F12: =IF(B12="","",IF(OR(C12="",D12="",E12=""),"Incomplete assignment",IF(NOT(OR(C12="strain",C12="vertical",C12="other")),"Invalid Type",IF(OR(NOT(ISNUMBER(E12)),E12<1,INT(E12)<>E12),"Invalid Order",IF(IF(C12="strain",COUNTIF($Z$3:$Z$47,D12),IF(C12="vertical",COUNTIF($AE$3:$AE$47,D12),COUNTIF($AJ$3:$AJ$47,D12)))=0,"Unknown profile",IF(IF(C12="strain",COUNTIFS($Z$3:$Z$47,D12,$AC$3:$AC$47,"<>OK"),IF(C12="vertical",COUNTIFS($AE$3:$AE$47,D12,$AH$3:$AH$47,"<>OK"),COUNTIFS($AJ$3:$AJ$47,D12,$AM$3:$AM$47,"<>OK")))>0,"Profile errors",IF(COUNTIFS($B$3:$B$46,B12,$C$3:$C$46,C12,$D$3:$D$46,D12)>1,"Duplicate profile assignment",IF(COUNTIFS($B$3:$B$46,B12,$C$3:$C$46,C12,$E$3:$E$46,E12)>1,"Duplicate Order","OK")))))))) | J12: strain10 | K12: =IF(OR(Z12="",AA12=""),"",COUNTIFS($Z$3:Z12,Z12,$AA$3:AA12,AA12)) -> 10 | P12: =IF(OR(AE12="",AF12=""),"",COUNTIFS($AE$3:AE12,AE12,$AF$3:AF12,AF12)) | T12: rightB3 | U12: =IF(OR(AJ12="",AK12=""),"",COUNTIFS($AJ$3:AJ12,AJ12,$AK$3:AK12,AK12)) -> 3 | Z12: =IF(J12="","",IF(H12<>"",H12,Z11)) -> Strain 1 | AA12: =IF(J12="","",IF(H12<>"",IF(I12<>"",I12,""),IF(I12<>"",I12,AA11))) -> A | AB12: =IF(OR(Z12="",AA12=""),"",Z12&"|"&AA12&"|"&TEXT(K12,"000")) -> Strain 1|A|010 | AC12: =IF(J12="","",IF(Z12="","Missing profile",IF(AA12="","Missing Set",IF(COUNTIF($AB$3:$AB$47,AB12)>1,"Duplicate key","OK")))) -> OK | AE12: =IF(O12="","",IF(M12<>"",M12,AE11)) | AF12: =IF(O12="","",IF(M12<>"",IF(N12<>"",N12,""),IF(N12<>"",N12,AF11))) | AG12: =IF(OR(AE12="",AF12=""),"",AE12&"|"&AF12&"|"&TEXT(P12,"000")) | AH12: =IF(O12="","",IF(AE12="","Missing profile",IF(AF12="","Missing Set",IF(COUNTIF($AG$3:$AG$47,AG12)>1,"Duplicate key","OK")))) | AJ12: =IF(T12="","",IF(R12<>"",R12,AJ11)) -> Other 2 | AK12: =IF(T12="","",IF(R12<>"",IF(S12<>"",S12,""),IF(S12<>"",S12,AK11))) -> B | AL12: =IF(OR(AJ12="",AK12=""),"",AJ12&"|"&AK12&"|"&TEXT(U12,"000")) -> Other 2|B|003 | AM12: =IF(T12="","",IF(AJ12="","Missing profile",IF(AK12="","Missing Set",IF(COUNTIF($AL$3:$AL$47,AL12)>1,"Duplicate key","OK")))) -> OK
A13: =IF(B13="","",IFERROR(INDEX(Overview!$B$3:$B$62,MATCH(B13,Overview!$V$3:$V$62,0)),"")) | F13: =IF(B13="","",IF(OR(C13="",D13="",E13=""),"Incomplete assignment",IF(NOT(OR(C13="strain",C13="vertical",C13="other")),"Invalid Type",IF(OR(NOT(ISNUMBER(E13)),E13<1,INT(E13)<>E13),"Invalid Order",IF(IF(C13="strain",COUNTIF($Z$3:$Z$47,D13),IF(C13="vertical",COUNTIF($AE$3:$AE$47,D13),COUNTIF($AJ$3:$AJ$47,D13)))=0,"Unknown profile",IF(IF(C13="strain",COUNTIFS($Z$3:$Z$47,D13,$AC$3:$AC$47,"<>OK"),IF(C13="vertical",COUNTIFS($AE$3:$AE$47,D13,$AH$3:$AH$47,"<>OK"),COUNTIFS($AJ$3:$AJ$47,D13,$AM$3:$AM$47,"<>OK")))>0,"Profile errors",IF(COUNTIFS($B$3:$B$46,B13,$C$3:$C$46,C13,$D$3:$D$46,D13)>1,"Duplicate profile assignment",IF(COUNTIFS($B$3:$B$46,B13,$C$3:$C$46,C13,$E$3:$E$46,E13)>1,"Duplicate Order","OK")))))))) | J13: strain11 | K13: =IF(OR(Z13="",AA13=""),"",COUNTIFS($Z$3:Z13,Z13,$AA$3:AA13,AA13)) -> 11 | P13: =IF(OR(AE13="",AF13=""),"",COUNTIFS($AE$3:AE13,AE13,$AF$3:AF13,AF13)) | U13: =IF(OR(AJ13="",AK13=""),"",COUNTIFS($AJ$3:AJ13,AJ13,$AK$3:AK13,AK13)) | Z13: =IF(J13="","",IF(H13<>"",H13,Z12)) -> Strain 1 | AA13: =IF(J13="","",IF(H13<>"",IF(I13<>"",I13,""),IF(I13<>"",I13,AA12))) -> A | AB13: =IF(OR(Z13="",AA13=""),"",Z13&"|"&AA13&"|"&TEXT(K13,"000")) -> Strain 1|A|011 | AC13: =IF(J13="","",IF(Z13="","Missing profile",IF(AA13="","Missing Set",IF(COUNTIF($AB$3:$AB$47,AB13)>1,"Duplicate key","OK")))) -> OK | AE13: =IF(O13="","",IF(M13<>"",M13,AE12)) | AF13: =IF(O13="","",IF(M13<>"",IF(N13<>"",N13,""),IF(N13<>"",N13,AF12))) | AG13: =IF(OR(AE13="",AF13=""),"",AE13&"|"&AF13&"|"&TEXT(P13,"000")) | AH13: =IF(O13="","",IF(AE13="","Missing profile",IF(AF13="","Missing Set",IF(COUNTIF($AG$3:$AG$47,AG13)>1,"Duplicate key","OK")))) | AJ13: =IF(T13="","",IF(R13<>"",R13,AJ12)) | AK13: =IF(T13="","",IF(R13<>"",IF(S13<>"",S13,""),IF(S13<>"",S13,AK12))) | AL13: =IF(OR(AJ13="",AK13=""),"",AJ13&"|"&AK13&"|"&TEXT(U13,"000")) | AM13: =IF(T13="","",IF(AJ13="","Missing profile",IF(AK13="","Missing Set",IF(COUNTIF($AL$3:$AL$47,AL13)>1,"Duplicate key","OK"))))
A14: =IF(B14="","",IFERROR(INDEX(Overview!$B$3:$B$62,MATCH(B14,Overview!$V$3:$V$62,0)),"")) | F14: =IF(B14="","",IF(OR(C14="",D14="",E14=""),"Incomplete assignment",IF(NOT(OR(C14="strain",C14="vertical",C14="other")),"Invalid Type",IF(OR(NOT(ISNUMBER(E14)),E14<1,INT(E14)<>E14),"Invalid Order",IF(IF(C14="strain",COUNTIF($Z$3:$Z$47,D14),IF(C14="vertical",COUNTIF($AE$3:$AE$47,D14),COUNTIF($AJ$3:$AJ$47,D14)))=0,"Unknown profile",IF(IF(C14="strain",COUNTIFS($Z$3:$Z$47,D14,$AC$3:$AC$47,"<>OK"),IF(C14="vertical",COUNTIFS($AE$3:$AE$47,D14,$AH$3:$AH$47,"<>OK"),COUNTIFS($AJ$3:$AJ$47,D14,$AM$3:$AM$47,"<>OK")))>0,"Profile errors",IF(COUNTIFS($B$3:$B$46,B14,$C$3:$C$46,C14,$D$3:$D$46,D14)>1,"Duplicate profile assignment",IF(COUNTIFS($B$3:$B$46,B14,$C$3:$C$46,C14,$E$3:$E$46,E14)>1,"Duplicate Order","OK")))))))) | J14: strain12 | K14: =IF(OR(Z14="",AA14=""),"",COUNTIFS($Z$3:Z14,Z14,$AA$3:AA14,AA14)) -> 12 | P14: =IF(OR(AE14="",AF14=""),"",COUNTIFS($AE$3:AE14,AE14,$AF$3:AF14,AF14)) | U14: =IF(OR(AJ14="",AK14=""),"",COUNTIFS($AJ$3:AJ14,AJ14,$AK$3:AK14,AK14)) | Z14: =IF(J14="","",IF(H14<>"",H14,Z13)) -> Strain 1 | AA14: =IF(J14="","",IF(H14<>"",IF(I14<>"",I14,""),IF(I14<>"",I14,AA13))) -> A | AB14: =IF(OR(Z14="",AA14=""),"",Z14&"|"&AA14&"|"&TEXT(K14,"000")) -> Strain 1|A|012 | AC14: =IF(J14="","",IF(Z14="","Missing profile",IF(AA14="","Missing Set",IF(COUNTIF($AB$3:$AB$47,AB14)>1,"Duplicate key","OK")))) -> OK | AE14: =IF(O14="","",IF(M14<>"",M14,AE13)) | AF14: =IF(O14="","",IF(M14<>"",IF(N14<>"",N14,""),IF(N14<>"",N14,AF13))) | AG14: =IF(OR(AE14="",AF14=""),"",AE14&"|"&AF14&"|"&TEXT(P14,"000")) | AH14: =IF(O14="","",IF(AE14="","Missing profile",IF(AF14="","Missing Set",IF(COUNTIF($AG$3:$AG$47,AG14)>1,"Duplicate key","OK")))) | AJ14: =IF(T14="","",IF(R14<>"",R14,AJ13)) | AK14: =IF(T14="","",IF(R14<>"",IF(S14<>"",S14,""),IF(S14<>"",S14,AK13))) | AL14: =IF(OR(AJ14="",AK14=""),"",AJ14&"|"&AK14&"|"&TEXT(U14,"000")) | AM14: =IF(T14="","",IF(AJ14="","Missing profile",IF(AK14="","Missing Set",IF(COUNTIF($AL$3:$AL$47,AL14)>1,"Duplicate key","OK"))))
A15: =IF(B15="","",IFERROR(INDEX(Overview!$B$3:$B$62,MATCH(B15,Overview!$V$3:$V$62,0)),"")) | F15: =IF(B15="","",IF(OR(C15="",D15="",E15=""),"Incomplete assignment",IF(NOT(OR(C15="strain",C15="vertical",C15="other")),"Invalid Type",IF(OR(NOT(ISNUMBER(E15)),E15<1,INT(E15)<>E15),"Invalid Order",IF(IF(C15="strain",COUNTIF($Z$3:$Z$47,D15),IF(C15="vertical",COUNTIF($AE$3:$AE$47,D15),COUNTIF($AJ$3:$AJ$47,D15)))=0,"Unknown profile",IF(IF(C15="strain",COUNTIFS($Z$3:$Z$47,D15,$AC$3:$AC$47,"<>OK"),IF(C15="vertical",COUNTIFS($AE$3:$AE$47,D15,$AH$3:$AH$47,"<>OK"),COUNTIFS($AJ$3:$AJ$47,D15,$AM$3:$AM$47,"<>OK")))>0,"Profile errors",IF(COUNTIFS($B$3:$B$46,B15,$C$3:$C$46,C15,$D$3:$D$46,D15)>1,"Duplicate profile assignment",IF(COUNTIFS($B$3:$B$46,B15,$C$3:$C$46,C15,$E$3:$E$46,E15)>1,"Duplicate Order","OK")))))))) | H15: Strain 2 | I15: A | J15: exp2_strain1 | K15: =IF(OR(Z15="",AA15=""),"",COUNTIFS($Z$3:Z15,Z15,$AA$3:AA15,AA15)) -> 1 | P15: =IF(OR(AE15="",AF15=""),"",COUNTIFS($AE$3:AE15,AE15,$AF$3:AF15,AF15)) | U15: =IF(OR(AJ15="",AK15=""),"",COUNTIFS($AJ$3:AJ15,AJ15,$AK$3:AK15,AK15)) | Z15: =IF(J15="","",IF(H15<>"",H15,Z14)) -> Strain 2 | AA15: =IF(J15="","",IF(H15<>"",IF(I15<>"",I15,""),IF(I15<>"",I15,AA14))) -> A | AB15: =IF(OR(Z15="",AA15=""),"",Z15&"|"&AA15&"|"&TEXT(K15,"000")) -> Strain 2|A|001 | AC15: =IF(J15="","",IF(Z15="","Missing profile",IF(AA15="","Missing Set",IF(COUNTIF($AB$3:$AB$47,AB15)>1,"Duplicate key","OK")))) -> OK | AE15: =IF(O15="","",IF(M15<>"",M15,AE14)) | AF15: =IF(O15="","",IF(M15<>"",IF(N15<>"",N15,""),IF(N15<>"",N15,AF14))) | AG15: =IF(OR(AE15="",AF15=""),"",AE15&"|"&AF15&"|"&TEXT(P15,"000")) | AH15: =IF(O15="","",IF(AE15="","Missing profile",IF(AF15="","Missing Set",IF(COUNTIF($AG$3:$AG$47,AG15)>1,"Duplicate key","OK")))) | AJ15: =IF(T15="","",IF(R15<>"",R15,AJ14)) | AK15: =IF(T15="","",IF(R15<>"",IF(S15<>"",S15,""),IF(S15<>"",S15,AK14))) | AL15: =IF(OR(AJ15="",AK15=""),"",AJ15&"|"&AK15&"|"&TEXT(U15,"000")) | AM15: =IF(T15="","",IF(AJ15="","Missing profile",IF(AK15="","Missing Set",IF(COUNTIF($AL$3:$AL$47,AL15)>1,"Duplicate key","OK"))))
A16: =IF(B16="","",IFERROR(INDEX(Overview!$B$3:$B$62,MATCH(B16,Overview!$V$3:$V$62,0)),"")) | F16: =IF(B16="","",IF(OR(C16="",D16="",E16=""),"Incomplete assignment",IF(NOT(OR(C16="strain",C16="vertical",C16="other")),"Invalid Type",IF(OR(NOT(ISNUMBER(E16)),E16<1,INT(E16)<>E16),"Invalid Order",IF(IF(C16="strain",COUNTIF($Z$3:$Z$47,D16),IF(C16="vertical",COUNTIF($AE$3:$AE$47,D16),COUNTIF($AJ$3:$AJ$47,D16)))=0,"Unknown profile",IF(IF(C16="strain",COUNTIFS($Z$3:$Z$47,D16,$AC$3:$AC$47,"<>OK"),IF(C16="vertical",COUNTIFS($AE$3:$AE$47,D16,$AH$3:$AH$47,"<>OK"),COUNTIFS($AJ$3:$AJ$47,D16,$AM$3:$AM$47,"<>OK")))>0,"Profile errors",IF(COUNTIFS($B$3:$B$46,B16,$C$3:$C$46,C16,$D$3:$D$46,D16)>1,"Duplicate profile assignment",IF(COUNTIFS($B$3:$B$46,B16,$C$3:$C$46,C16,$E$3:$E$46,E16)>1,"Duplicate Order","OK")))))))) | J16: exp2_strain2 | K16: =IF(OR(Z16="",AA16=""),"",COUNTIFS($Z$3:Z16,Z16,$AA$3:AA16,AA16)) -> 2 | P16: =IF(OR(AE16="",AF16=""),"",COUNTIFS($AE$3:AE16,AE16,$AF$3:AF16,AF16)) | U16: =IF(OR(AJ16="",AK16=""),"",COUNTIFS($AJ$3:AJ16,AJ16,$AK$3:AK16,AK16)) | Z16: =IF(J16="","",IF(H16<>"",H16,Z15)) -> Strain 2 | AA16: =IF(J16="","",IF(H16<>"",IF(I16<>"",I16,""),IF(I16<>"",I16,AA15))) -> A | AB16: =IF(OR(Z16="",AA16=""),"",Z16&"|"&AA16&"|"&TEXT(K16,"000")) -> Strain 2|A|002 | AC16: =IF(J16="","",IF(Z16="","Missing profile",IF(AA16="","Missing Set",IF(COUNTIF($AB$3:$AB$47,AB16)>1,"Duplicate key","OK")))) -> OK | AE16: =IF(O16="","",IF(M16<>"",M16,AE15)) | AF16: =IF(O16="","",IF(M16<>"",IF(N16<>"",N16,""),IF(N16<>"",N16,AF15))) | AG16: =IF(OR(AE16="",AF16=""),"",AE16&"|"&AF16&"|"&TEXT(P16,"000")) | AH16: =IF(O16="","",IF(AE16="","Missing profile",IF(AF16="","Missing Set",IF(COUNTIF($AG$3:$AG$47,AG16)>1,"Duplicate key","OK")))) | AJ16: =IF(T16="","",IF(R16<>"",R16,AJ15)) | AK16: =IF(T16="","",IF(R16<>"",IF(S16<>"",S16,""),IF(S16<>"",S16,AK15))) | AL16: =IF(OR(AJ16="",AK16=""),"",AJ16&"|"&AK16&"|"&TEXT(U16,"000")) | AM16: =IF(T16="","",IF(AJ16="","Missing profile",IF(AK16="","Missing Set",IF(COUNTIF($AL$3:$AL$47,AL16)>1,"Duplicate key","OK"))))
A17: =IF(B17="","",IFERROR(INDEX(Overview!$B$3:$B$62,MATCH(B17,Overview!$V$3:$V$62,0)),"")) | F17: =IF(B17="","",IF(OR(C17="",D17="",E17=""),"Incomplete assignment",IF(NOT(OR(C17="strain",C17="vertical",C17="other")),"Invalid Type",IF(OR(NOT(ISNUMBER(E17)),E17<1,INT(E17)<>E17),"Invalid Order",IF(IF(C17="strain",COUNTIF($Z$3:$Z$47,D17),IF(C17="vertical",COUNTIF($AE$3:$AE$47,D17),COUNTIF($AJ$3:$AJ$47,D17)))=0,"Unknown profile",IF(IF(C17="strain",COUNTIFS($Z$3:$Z$47,D17,$AC$3:$AC$47,"<>OK"),IF(C17="vertical",COUNTIFS($AE$3:$AE$47,D17,$AH$3:$AH$47,"<>OK"),COUNTIFS($AJ$3:$AJ$47,D17,$AM$3:$AM$47,"<>OK")))>0,"Profile errors",IF(COUNTIFS($B$3:$B$46,B17,$C$3:$C$46,C17,$D$3:$D$46,D17)>1,"Duplicate profile assignment",IF(COUNTIFS($B$3:$B$46,B17,$C$3:$C$46,C17,$E$3:$E$46,E17)>1,"Duplicate Order","OK")))))))) | J17: exp2_strain3 | K17: =IF(OR(Z17="",AA17=""),"",COUNTIFS($Z$3:Z17,Z17,$AA$3:AA17,AA17)) -> 3 | P17: =IF(OR(AE17="",AF17=""),"",COUNTIFS($AE$3:AE17,AE17,$AF$3:AF17,AF17)) | U17: =IF(OR(AJ17="",AK17=""),"",COUNTIFS($AJ$3:AJ17,AJ17,$AK$3:AK17,AK17)) | Z17: =IF(J17="","",IF(H17<>"",H17,Z16)) -> Strain 2 | AA17: =IF(J17="","",IF(H17<>"",IF(I17<>"",I17,""),IF(I17<>"",I17,AA16))) -> A | AB17: =IF(OR(Z17="",AA17=""),"",Z17&"|"&AA17&"|"&TEXT(K17,"000")) -> Strain 2|A|003 | AC17: =IF(J17="","",IF(Z17="","Missing profile",IF(AA17="","Missing Set",IF(COUNTIF($AB$3:$AB$47,AB17)>1,"Duplicate key","OK")))) -> OK | AE17: =IF(O17="","",IF(M17<>"",M17,AE16)) | AF17: =IF(O17="","",IF(M17<>"",IF(N17<>"",N17,""),IF(N17<>"",N17,AF16))) | AG17: =IF(OR(AE17="",AF17=""),"",AE17&"|"&AF17&"|"&TEXT(P17,"000")) | AH17: =IF(O17="","",IF(AE17="","Missing profile",IF(AF17="","Missing Set",IF(COUNTIF($AG$3:$AG$47,AG17)>1,"Duplicate key","OK")))) | AJ17: =IF(T17="","",IF(R17<>"",R17,AJ16)) | AK17: =IF(T17="","",IF(R17<>"",IF(S17<>"",S17,""),IF(S17<>"",S17,AK16))) | AL17: =IF(OR(AJ17="",AK17=""),"",AJ17&"|"&AK17&"|"&TEXT(U17,"000")) | AM17: =IF(T17="","",IF(AJ17="","Missing profile",IF(AK17="","Missing Set",IF(COUNTIF($AL$3:$AL$47,AL17)>1,"Duplicate key","OK"))))
A18: =IF(B18="","",IFERROR(INDEX(Overview!$B$3:$B$62,MATCH(B18,Overview!$V$3:$V$62,0)),"")) | F18: =IF(B18="","",IF(OR(C18="",D18="",E18=""),"Incomplete assignment",IF(NOT(OR(C18="strain",C18="vertical",C18="other")),"Invalid Type",IF(OR(NOT(ISNUMBER(E18)),E18<1,INT(E18)<>E18),"Invalid Order",IF(IF(C18="strain",COUNTIF($Z$3:$Z$47,D18),IF(C18="vertical",COUNTIF($AE$3:$AE$47,D18),COUNTIF($AJ$3:$AJ$47,D18)))=0,"Unknown profile",IF(IF(C18="strain",COUNTIFS($Z$3:$Z$47,D18,$AC$3:$AC$47,"<>OK"),IF(C18="vertical",COUNTIFS($AE$3:$AE$47,D18,$AH$3:$AH$47,"<>OK"),COUNTIFS($AJ$3:$AJ$47,D18,$AM$3:$AM$47,"<>OK")))>0,"Profile errors",IF(COUNTIFS($B$3:$B$46,B18,$C$3:$C$46,C18,$D$3:$D$46,D18)>1,"Duplicate profile assignment",IF(COUNTIFS($B$3:$B$46,B18,$C$3:$C$46,C18,$E$3:$E$46,E18)>1,"Duplicate Order","OK")))))))) | J18: exp2_strain4 | K18: =IF(OR(Z18="",AA18=""),"",COUNTIFS($Z$3:Z18,Z18,$AA$3:AA18,AA18)) -> 4 | P18: =IF(OR(AE18="",AF18=""),"",COUNTIFS($AE$3:AE18,AE18,$AF$3:AF18,AF18)) | U18: =IF(OR(AJ18="",AK18=""),"",COUNTIFS($AJ$3:AJ18,AJ18,$AK$3:AK18,AK18)) | Z18: =IF(J18="","",IF(H18<>"",H18,Z17)) -> Strain 2 | AA18: =IF(J18="","",IF(H18<>"",IF(I18<>"",I18,""),IF(I18<>"",I18,AA17))) -> A | AB18: =IF(OR(Z18="",AA18=""),"",Z18&"|"&AA18&"|"&TEXT(K18,"000")) -> Strain 2|A|004 | AC18: =IF(J18="","",IF(Z18="","Missing profile",IF(AA18="","Missing Set",IF(COUNTIF($AB$3:$AB$47,AB18)>1,"Duplicate key","OK")))) -> OK | AE18: =IF(O18="","",IF(M18<>"",M18,AE17)) | AF18: =IF(O18="","",IF(M18<>"",IF(N18<>"",N18,""),IF(N18<>"",N18,AF17))) | AG18: =IF(OR(AE18="",AF18=""),"",AE18&"|"&AF18&"|"&TEXT(P18,"000")) | AH18: =IF(O18="","",IF(AE18="","Missing profile",IF(AF18="","Missing Set",IF(COUNTIF($AG$3:$AG$47,AG18)>1,"Duplicate key","OK")))) | AJ18: =IF(T18="","",IF(R18<>"",R18,AJ17)) | AK18: =IF(T18="","",IF(R18<>"",IF(S18<>"",S18,""),IF(S18<>"",S18,AK17))) | AL18: =IF(OR(AJ18="",AK18=""),"",AJ18&"|"&AK18&"|"&TEXT(U18,"000")) | AM18: =IF(T18="","",IF(AJ18="","Missing profile",IF(AK18="","Missing Set",IF(COUNTIF($AL$3:$AL$47,AL18)>1,"Duplicate key","OK"))))
A19: =IF(B19="","",IFERROR(INDEX(Overview!$B$3:$B$62,MATCH(B19,Overview!$V$3:$V$62,0)),"")) | F19: =IF(B19="","",IF(OR(C19="",D19="",E19=""),"Incomplete assignment",IF(NOT(OR(C19="strain",C19="vertical",C19="other")),"Invalid Type",IF(OR(NOT(ISNUMBER(E19)),E19<1,INT(E19)<>E19),"Invalid Order",IF(IF(C19="strain",COUNTIF($Z$3:$Z$47,D19),IF(C19="vertical",COUNTIF($AE$3:$AE$47,D19),COUNTIF($AJ$3:$AJ$47,D19)))=0,"Unknown profile",IF(IF(C19="strain",COUNTIFS($Z$3:$Z$47,D19,$AC$3:$AC$47,"<>OK"),IF(C19="vertical",COUNTIFS($AE$3:$AE$47,D19,$AH$3:$AH$47,"<>OK"),COUNTIFS($AJ$3:$AJ$47,D19,$AM$3:$AM$47,"<>OK")))>0,"Profile errors",IF(COUNTIFS($B$3:$B$46,B19,$C$3:$C$46,C19,$D$3:$D$46,D19)>1,"Duplicate profile assignment",IF(COUNTIFS($B$3:$B$46,B19,$C$3:$C$46,C19,$E$3:$E$46,E19)>1,"Duplicate Order","OK")))))))) | J19: exp2_strain5 | K19: =IF(OR(Z19="",AA19=""),"",COUNTIFS($Z$3:Z19,Z19,$AA$3:AA19,AA19)) -> 5 | P19: =IF(OR(AE19="",AF19=""),"",COUNTIFS($AE$3:AE19,AE19,$AF$3:AF19,AF19)) | U19: =IF(OR(AJ19="",AK19=""),"",COUNTIFS($AJ$3:AJ19,AJ19,$AK$3:AK19,AK19)) | Z19: =IF(J19="","",IF(H19<>"",H19,Z18)) -> Strain 2 | AA19: =IF(J19="","",IF(H19<>"",IF(I19<>"",I19,""),IF(I19<>"",I19,AA18))) -> A | AB19: =IF(OR(Z19="",AA19=""),"",Z19&"|"&AA19&"|"&TEXT(K19,"000")) -> Strain 2|A|005 | AC19: =IF(J19="","",IF(Z19="","Missing profile",IF(AA19="","Missing Set",IF(COUNTIF($AB$3:$AB$47,AB19)>1,"Duplicate key","OK")))) -> OK | AE19: =IF(O19="","",IF(M19<>"",M19,AE18)) | AF19: =IF(O19="","",IF(M19<>"",IF(N19<>"",N19,""),IF(N19<>"",N19,AF18))) | AG19: =IF(OR(AE19="",AF19=""),"",AE19&"|"&AF19&"|"&TEXT(P19,"000")) | AH19: =IF(O19="","",IF(AE19="","Missing profile",IF(AF19="","Missing Set",IF(COUNTIF($AG$3:$AG$47,AG19)>1,"Duplicate key","OK")))) | AJ19: =IF(T19="","",IF(R19<>"",R19,AJ18)) | AK19: =IF(T19="","",IF(R19<>"",IF(S19<>"",S19,""),IF(S19<>"",S19,AK18))) | AL19: =IF(OR(AJ19="",AK19=""),"",AJ19&"|"&AK19&"|"&TEXT(U19,"000")) | AM19: =IF(T19="","",IF(AJ19="","Missing profile",IF(AK19="","Missing Set",IF(COUNTIF($AL$3:$AL$47,AL19)>1,"Duplicate key","OK"))))
A20: =IF(B20="","",IFERROR(INDEX(Overview!$B$3:$B$62,MATCH(B20,Overview!$V$3:$V$62,0)),"")) | F20: =IF(B20="","",IF(OR(C20="",D20="",E20=""),"Incomplete assignment",IF(NOT(OR(C20="strain",C20="vertical",C20="other")),"Invalid Type",IF(OR(NOT(ISNUMBER(E20)),E20<1,INT(E20)<>E20),"Invalid Order",IF(IF(C20="strain",COUNTIF($Z$3:$Z$47,D20),IF(C20="vertical",COUNTIF($AE$3:$AE$47,D20),COUNTIF($AJ$3:$AJ$47,D20)))=0,"Unknown profile",IF(IF(C20="strain",COUNTIFS($Z$3:$Z$47,D20,$AC$3:$AC$47,"<>OK"),IF(C20="vertical",COUNTIFS($AE$3:$AE$47,D20,$AH$3:$AH$47,"<>OK"),COUNTIFS($AJ$3:$AJ$47,D20,$AM$3:$AM$47,"<>OK")))>0,"Profile errors",IF(COUNTIFS($B$3:$B$46,B20,$C$3:$C$46,C20,$D$3:$D$46,D20)>1,"Duplicate profile assignment",IF(COUNTIFS($B$3:$B$46,B20,$C$3:$C$46,C20,$E$3:$E$46,E20)>1,"Duplicate Order","OK")))))))) | J20: exp2_strain6 | K20: =IF(OR(Z20="",AA20=""),"",COUNTIFS($Z$3:Z20,Z20,$AA$3:AA20,AA20)) -> 6 | P20: =IF(OR(AE20="",AF20=""),"",COUNTIFS($AE$3:AE20,AE20,$AF$3:AF20,AF20)) | U20: =IF(OR(AJ20="",AK20=""),"",COUNTIFS($AJ$3:AJ20,AJ20,$AK$3:AK20,AK20)) | Z20: =IF(J20="","",IF(H20<>"",H20,Z19)) -> Strain 2 | AA20: =IF(J20="","",IF(H20<>"",IF(I20<>"",I20,""),IF(I20<>"",I20,AA19))) -> A | AB20: =IF(OR(Z20="",AA20=""),"",Z20&"|"&AA20&"|"&TEXT(K20,"000")) -> Strain 2|A|006 | AC20: =IF(J20="","",IF(Z20="","Missing profile",IF(AA20="","Missing Set",IF(COUNTIF($AB$3:$AB$47,AB20)>1,"Duplicate key","OK")))) -> OK | AE20: =IF(O20="","",IF(M20<>"",M20,AE19)) | AF20: =IF(O20="","",IF(M20<>"",IF(N20<>"",N20,""),IF(N20<>"",N20,AF19))) | AG20: =IF(OR(AE20="",AF20=""),"",AE20&"|"&AF20&"|"&TEXT(P20,"000")) | AH20: =IF(O20="","",IF(AE20="","Missing profile",IF(AF20="","Missing Set",IF(COUNTIF($AG$3:$AG$47,AG20)>1,"Duplicate key","OK")))) | AJ20: =IF(T20="","",IF(R20<>"",R20,AJ19)) | AK20: =IF(T20="","",IF(R20<>"",IF(S20<>"",S20,""),IF(S20<>"",S20,AK19))) | AL20: =IF(OR(AJ20="",AK20=""),"",AJ20&"|"&AK20&"|"&TEXT(U20,"000")) | AM20: =IF(T20="","",IF(AJ20="","Missing profile",IF(AK20="","Missing Set",IF(COUNTIF($AL$3:$AL$47,AL20)>1,"Duplicate key","OK"))))
A21: =IF(B21="","",IFERROR(INDEX(Overview!$B$3:$B$62,MATCH(B21,Overview!$V$3:$V$62,0)),"")) | F21: =IF(B21="","",IF(OR(C21="",D21="",E21=""),"Incomplete assignment",IF(NOT(OR(C21="strain",C21="vertical",C21="other")),"Invalid Type",IF(OR(NOT(ISNUMBER(E21)),E21<1,INT(E21)<>E21),"Invalid Order",IF(IF(C21="strain",COUNTIF($Z$3:$Z$47,D21),IF(C21="vertical",COUNTIF($AE$3:$AE$47,D21),COUNTIF($AJ$3:$AJ$47,D21)))=0,"Unknown profile",IF(IF(C21="strain",COUNTIFS($Z$3:$Z$47,D21,$AC$3:$AC$47,"<>OK"),IF(C21="vertical",COUNTIFS($AE$3:$AE$47,D21,$AH$3:$AH$47,"<>OK"),COUNTIFS($AJ$3:$AJ$47,D21,$AM$3:$AM$47,"<>OK")))>0,"Profile errors",IF(COUNTIFS($B$3:$B$46,B21,$C$3:$C$46,C21,$D$3:$D$46,D21)>1,"Duplicate profile assignment",IF(COUNTIFS($B$3:$B$46,B21,$C$3:$C$46,C21,$E$3:$E$46,E21)>1,"Duplicate Order","OK")))))))) | J21: exp2_strain7 | K21: =IF(OR(Z21="",AA21=""),"",COUNTIFS($Z$3:Z21,Z21,$AA$3:AA21,AA21)) -> 7 | P21: =IF(OR(AE21="",AF21=""),"",COUNTIFS($AE$3:AE21,AE21,$AF$3:AF21,AF21)) | U21: =IF(OR(AJ21="",AK21=""),"",COUNTIFS($AJ$3:AJ21,AJ21,$AK$3:AK21,AK21)) | Z21: =IF(J21="","",IF(H21<>"",H21,Z20)) -> Strain 2 | AA21: =IF(J21="","",IF(H21<>"",IF(I21<>"",I21,""),IF(I21<>"",I21,AA20))) -> A | AB21: =IF(OR(Z21="",AA21=""),"",Z21&"|"&AA21&"|"&TEXT(K21,"000")) -> Strain 2|A|007 | AC21: =IF(J21="","",IF(Z21="","Missing profile",IF(AA21="","Missing Set",IF(COUNTIF($AB$3:$AB$47,AB21)>1,"Duplicate key","OK")))) -> OK | AE21: =IF(O21="","",IF(M21<>"",M21,AE20)) | AF21: =IF(O21="","",IF(M21<>"",IF(N21<>"",N21,""),IF(N21<>"",N21,AF20))) | AG21: =IF(OR(AE21="",AF21=""),"",AE21&"|"&AF21&"|"&TEXT(P21,"000")) | AH21: =IF(O21="","",IF(AE21="","Missing profile",IF(AF21="","Missing Set",IF(COUNTIF($AG$3:$AG$47,AG21)>1,"Duplicate key","OK")))) | AJ21: =IF(T21="","",IF(R21<>"",R21,AJ20)) | AK21: =IF(T21="","",IF(R21<>"",IF(S21<>"",S21,""),IF(S21<>"",S21,AK20))) | AL21: =IF(OR(AJ21="",AK21=""),"",AJ21&"|"&AK21&"|"&TEXT(U21,"000")) | AM21: =IF(T21="","",IF(AJ21="","Missing profile",IF(AK21="","Missing Set",IF(COUNTIF($AL$3:$AL$47,AL21)>1,"Duplicate key","OK"))))
A22: =IF(B22="","",IFERROR(INDEX(Overview!$B$3:$B$62,MATCH(B22,Overview!$V$3:$V$62,0)),"")) | F22: =IF(B22="","",IF(OR(C22="",D22="",E22=""),"Incomplete assignment",IF(NOT(OR(C22="strain",C22="vertical",C22="other")),"Invalid Type",IF(OR(NOT(ISNUMBER(E22)),E22<1,INT(E22)<>E22),"Invalid Order",IF(IF(C22="strain",COUNTIF($Z$3:$Z$47,D22),IF(C22="vertical",COUNTIF($AE$3:$AE$47,D22),COUNTIF($AJ$3:$AJ$47,D22)))=0,"Unknown profile",IF(IF(C22="strain",COUNTIFS($Z$3:$Z$47,D22,$AC$3:$AC$47,"<>OK"),IF(C22="vertical",COUNTIFS($AE$3:$AE$47,D22,$AH$3:$AH$47,"<>OK"),COUNTIFS($AJ$3:$AJ$47,D22,$AM$3:$AM$47,"<>OK")))>0,"Profile errors",IF(COUNTIFS($B$3:$B$46,B22,$C$3:$C$46,C22,$D$3:$D$46,D22)>1,"Duplicate profile assignment",IF(COUNTIFS($B$3:$B$46,B22,$C$3:$C$46,C22,$E$3:$E$46,E22)>1,"Duplicate Order","OK")))))))) | J22: exp2_strain8 | K22: =IF(OR(Z22="",AA22=""),"",COUNTIFS($Z$3:Z22,Z22,$AA$3:AA22,AA22)) -> 8 | P22: =IF(OR(AE22="",AF22=""),"",COUNTIFS($AE$3:AE22,AE22,$AF$3:AF22,AF22)) | U22: =IF(OR(AJ22="",AK22=""),"",COUNTIFS($AJ$3:AJ22,AJ22,$AK$3:AK22,AK22)) | Z22: =IF(J22="","",IF(H22<>"",H22,Z21)) -> Strain 2 | AA22: =IF(J22="","",IF(H22<>"",IF(I22<>"",I22,""),IF(I22<>"",I22,AA21))) -> A | AB22: =IF(OR(Z22="",AA22=""),"",Z22&"|"&AA22&"|"&TEXT(K22,"000")) -> Strain 2|A|008 | AC22: =IF(J22="","",IF(Z22="","Missing profile",IF(AA22="","Missing Set",IF(COUNTIF($AB$3:$AB$47,AB22)>1,"Duplicate key","OK")))) -> OK | AE22: =IF(O22="","",IF(M22<>"",M22,AE21)) | AF22: =IF(O22="","",IF(M22<>"",IF(N22<>"",N22,""),IF(N22<>"",N22,AF21))) | AG22: =IF(OR(AE22="",AF22=""),"",AE22&"|"&AF22&"|"&TEXT(P22,"000")) | AH22: =IF(O22="","",IF(AE22="","Missing profile",IF(AF22="","Missing Set",IF(COUNTIF($AG$3:$AG$47,AG22)>1,"Duplicate key","OK")))) | AJ22: =IF(T22="","",IF(R22<>"",R22,AJ21)) | AK22: =IF(T22="","",IF(R22<>"",IF(S22<>"",S22,""),IF(S22<>"",S22,AK21))) | AL22: =IF(OR(AJ22="",AK22=""),"",AJ22&"|"&AK22&"|"&TEXT(U22,"000")) | AM22: =IF(T22="","",IF(AJ22="","Missing profile",IF(AK22="","Missing Set",IF(COUNTIF($AL$3:$AL$47,AL22)>1,"Duplicate key","OK"))))
A23: =IF(B23="","",IFERROR(INDEX(Overview!$B$3:$B$62,MATCH(B23,Overview!$V$3:$V$62,0)),"")) | F23: =IF(B23="","",IF(OR(C23="",D23="",E23=""),"Incomplete assignment",IF(NOT(OR(C23="strain",C23="vertical",C23="other")),"Invalid Type",IF(OR(NOT(ISNUMBER(E23)),E23<1,INT(E23)<>E23),"Invalid Order",IF(IF(C23="strain",COUNTIF($Z$3:$Z$47,D23),IF(C23="vertical",COUNTIF($AE$3:$AE$47,D23),COUNTIF($AJ$3:$AJ$47,D23)))=0,"Unknown profile",IF(IF(C23="strain",COUNTIFS($Z$3:$Z$47,D23,$AC$3:$AC$47,"<>OK"),IF(C23="vertical",COUNTIFS($AE$3:$AE$47,D23,$AH$3:$AH$47,"<>OK"),COUNTIFS($AJ$3:$AJ$47,D23,$AM$3:$AM$47,"<>OK")))>0,"Profile errors",IF(COUNTIFS($B$3:$B$46,B23,$C$3:$C$46,C23,$D$3:$D$46,D23)>1,"Duplicate profile assignment",IF(COUNTIFS($B$3:$B$46,B23,$C$3:$C$46,C23,$E$3:$E$46,E23)>1,"Duplicate Order","OK")))))))) | J23: exp2_strain9 | K23: =IF(OR(Z23="",AA23=""),"",COUNTIFS($Z$3:Z23,Z23,$AA$3:AA23,AA23)) -> 9 | P23: =IF(OR(AE23="",AF23=""),"",COUNTIFS($AE$3:AE23,AE23,$AF$3:AF23,AF23)) | U23: =IF(OR(AJ23="",AK23=""),"",COUNTIFS($AJ$3:AJ23,AJ23,$AK$3:AK23,AK23)) | Z23: =IF(J23="","",IF(H23<>"",H23,Z22)) -> Strain 2 | AA23: =IF(J23="","",IF(H23<>"",IF(I23<>"",I23,""),IF(I23<>"",I23,AA22))) -> A | AB23: =IF(OR(Z23="",AA23=""),"",Z23&"|"&AA23&"|"&TEXT(K23,"000")) -> Strain 2|A|009 | AC23: =IF(J23="","",IF(Z23="","Missing profile",IF(AA23="","Missing Set",IF(COUNTIF($AB$3:$AB$47,AB23)>1,"Duplicate key","OK")))) -> OK | AE23: =IF(O23="","",IF(M23<>"",M23,AE22)) | AF23: =IF(O23="","",IF(M23<>"",IF(N23<>"",N23,""),IF(N23<>"",N23,AF22))) | AG23: =IF(OR(AE23="",AF23=""),"",AE23&"|"&AF23&"|"&TEXT(P23,"000")) | AH23: =IF(O23="","",IF(AE23="","Missing profile",IF(AF23="","Missing Set",IF(COUNTIF($AG$3:$AG$47,AG23)>1,"Duplicate key","OK")))) | AJ23: =IF(T23="","",IF(R23<>"",R23,AJ22)) | AK23: =IF(T23="","",IF(R23<>"",IF(S23<>"",S23,""),IF(S23<>"",S23,AK22))) | AL23: =IF(OR(AJ23="",AK23=""),"",AJ23&"|"&AK23&"|"&TEXT(U23,"000")) | AM23: =IF(T23="","",IF(AJ23="","Missing profile",IF(AK23="","Missing Set",IF(COUNTIF($AL$3:$AL$47,AL23)>1,"Duplicate key","OK"))))
A24: =IF(B24="","",IFERROR(INDEX(Overview!$B$3:$B$62,MATCH(B24,Overview!$V$3:$V$62,0)),"")) | F24: =IF(B24="","",IF(OR(C24="",D24="",E24=""),"Incomplete assignment",IF(NOT(OR(C24="strain",C24="vertical",C24="other")),"Invalid Type",IF(OR(NOT(ISNUMBER(E24)),E24<1,INT(E24)<>E24),"Invalid Order",IF(IF(C24="strain",COUNTIF($Z$3:$Z$47,D24),IF(C24="vertical",COUNTIF($AE$3:$AE$47,D24),COUNTIF($AJ$3:$AJ$47,D24)))=0,"Unknown profile",IF(IF(C24="strain",COUNTIFS($Z$3:$Z$47,D24,$AC$3:$AC$47,"<>OK"),IF(C24="vertical",COUNTIFS($AE$3:$AE$47,D24,$AH$3:$AH$47,"<>OK"),COUNTIFS($AJ$3:$AJ$47,D24,$AM$3:$AM$47,"<>OK")))>0,"Profile errors",IF(COUNTIFS($B$3:$B$46,B24,$C$3:$C$46,C24,$D$3:$D$46,D24)>1,"Duplicate profile assignment",IF(COUNTIFS($B$3:$B$46,B24,$C$3:$C$46,C24,$E$3:$E$46,E24)>1,"Duplicate Order","OK")))))))) | J24: exp2_strain10 | K24: =IF(OR(Z24="",AA24=""),"",COUNTIFS($Z$3:Z24,Z24,$AA$3:AA24,AA24)) -> 10 | P24: =IF(OR(AE24="",AF24=""),"",COUNTIFS($AE$3:AE24,AE24,$AF$3:AF24,AF24)) | U24: =IF(OR(AJ24="",AK24=""),"",COUNTIFS($AJ$3:AJ24,AJ24,$AK$3:AK24,AK24)) | Z24: =IF(J24="","",IF(H24<>"",H24,Z23)) -> Strain 2 | AA24: =IF(J24="","",IF(H24<>"",IF(I24<>"",I24,""),IF(I24<>"",I24,AA23))) -> A | AB24: =IF(OR(Z24="",AA24=""),"",Z24&"|"&AA24&"|"&TEXT(K24,"000")) -> Strain 2|A|010 | AC24: =IF(J24="","",IF(Z24="","Missing profile",IF(AA24="","Missing Set",IF(COUNTIF($AB$3:$AB$47,AB24)>1,"Duplicate key","OK")))) -> OK | AE24: =IF(O24="","",IF(M24<>"",M24,AE23)) | AF24: =IF(O24="","",IF(M24<>"",IF(N24<>"",N24,""),IF(N24<>"",N24,AF23))) | AG24: =IF(OR(AE24="",AF24=""),"",AE24&"|"&AF24&"|"&TEXT(P24,"000")) | AH24: =IF(O24="","",IF(AE24="","Missing profile",IF(AF24="","Missing Set",IF(COUNTIF($AG$3:$AG$47,AG24)>1,"Duplicate key","OK")))) | AJ24: =IF(T24="","",IF(R24<>"",R24,AJ23)) | AK24: =IF(T24="","",IF(R24<>"",IF(S24<>"",S24,""),IF(S24<>"",S24,AK23))) | AL24: =IF(OR(AJ24="",AK24=""),"",AJ24&"|"&AK24&"|"&TEXT(U24,"000")) | AM24: =IF(T24="","",IF(AJ24="","Missing profile",IF(AK24="","Missing Set",IF(COUNTIF($AL$3:$AL$47,AL24)>1,"Duplicate key","OK"))))
A25: =IF(B25="","",IFERROR(INDEX(Overview!$B$3:$B$62,MATCH(B25,Overview!$V$3:$V$62,0)),"")) | F25: =IF(B25="","",IF(OR(C25="",D25="",E25=""),"Incomplete assignment",IF(NOT(OR(C25="strain",C25="vertical",C25="other")),"Invalid Type",IF(OR(NOT(ISNUMBER(E25)),E25<1,INT(E25)<>E25),"Invalid Order",IF(IF(C25="strain",COUNTIF($Z$3:$Z$47,D25),IF(C25="vertical",COUNTIF($AE$3:$AE$47,D25),COUNTIF($AJ$3:$AJ$47,D25)))=0,"Unknown profile",IF(IF(C25="strain",COUNTIFS($Z$3:$Z$47,D25,$AC$3:$AC$47,"<>OK"),IF(C25="vertical",COUNTIFS($AE$3:$AE$47,D25,$AH$3:$AH$47,"<>OK"),COUNTIFS($AJ$3:$AJ$47,D25,$AM$3:$AM$47,"<>OK")))>0,"Profile errors",IF(COUNTIFS($B$3:$B$46,B25,$C$3:$C$46,C25,$D$3:$D$46,D25)>1,"Duplicate profile assignment",IF(COUNTIFS($B$3:$B$46,B25,$C$3:$C$46,C25,$E$3:$E$46,E25)>1,"Duplicate Order","OK")))))))) | I25: B | J25: exp2_culture1 | K25: =IF(OR(Z25="",AA25=""),"",COUNTIFS($Z$3:Z25,Z25,$AA$3:AA25,AA25)) -> 1 | P25: =IF(OR(AE25="",AF25=""),"",COUNTIFS($AE$3:AE25,AE25,$AF$3:AF25,AF25)) | U25: =IF(OR(AJ25="",AK25=""),"",COUNTIFS($AJ$3:AJ25,AJ25,$AK$3:AK25,AK25)) | Z25: =IF(J25="","",IF(H25<>"",H25,Z24)) -> Strain 2 | AA25: =IF(J25="","",IF(H25<>"",IF(I25<>"",I25,""),IF(I25<>"",I25,AA24))) -> B | AB25: =IF(OR(Z25="",AA25=""),"",Z25&"|"&AA25&"|"&TEXT(K25,"000")) -> Strain 2|B|001 | AC25: =IF(J25="","",IF(Z25="","Missing profile",IF(AA25="","Missing Set",IF(COUNTIF($AB$3:$AB$47,AB25)>1,"Duplicate key","OK")))) -> OK | AE25: =IF(O25="","",IF(M25<>"",M25,AE24)) | AF25: =IF(O25="","",IF(M25<>"",IF(N25<>"",N25,""),IF(N25<>"",N25,AF24))) | AG25: =IF(OR(AE25="",AF25=""),"",AE25&"|"&AF25&"|"&TEXT(P25,"000")) | AH25: =IF(O25="","",IF(AE25="","Missing profile",IF(AF25="","Missing Set",IF(COUNTIF($AG$3:$AG$47,AG25)>1,"Duplicate key","OK")))) | AJ25: =IF(T25="","",IF(R25<>"",R25,AJ24)) | AK25: =IF(T25="","",IF(R25<>"",IF(S25<>"",S25,""),IF(S25<>"",S25,AK24))) | AL25: =IF(OR(AJ25="",AK25=""),"",AJ25&"|"&AK25&"|"&TEXT(U25,"000")) | AM25: =IF(T25="","",IF(AJ25="","Missing profile",IF(AK25="","Missing Set",IF(COUNTIF($AL$3:$AL$47,AL25)>1,"Duplicate key","OK"))))
A26: =IF(B26="","",IFERROR(INDEX(Overview!$B$3:$B$62,MATCH(B26,Overview!$V$3:$V$62,0)),"")) | F26: =IF(B26="","",IF(OR(C26="",D26="",E26=""),"Incomplete assignment",IF(NOT(OR(C26="strain",C26="vertical",C26="other")),"Invalid Type",IF(OR(NOT(ISNUMBER(E26)),E26<1,INT(E26)<>E26),"Invalid Order",IF(IF(C26="strain",COUNTIF($Z$3:$Z$47,D26),IF(C26="vertical",COUNTIF($AE$3:$AE$47,D26),COUNTIF($AJ$3:$AJ$47,D26)))=0,"Unknown profile",IF(IF(C26="strain",COUNTIFS($Z$3:$Z$47,D26,$AC$3:$AC$47,"<>OK"),IF(C26="vertical",COUNTIFS($AE$3:$AE$47,D26,$AH$3:$AH$47,"<>OK"),COUNTIFS($AJ$3:$AJ$47,D26,$AM$3:$AM$47,"<>OK")))>0,"Profile errors",IF(COUNTIFS($B$3:$B$46,B26,$C$3:$C$46,C26,$D$3:$D$46,D26)>1,"Duplicate profile assignment",IF(COUNTIFS($B$3:$B$46,B26,$C$3:$C$46,C26,$E$3:$E$46,E26)>1,"Duplicate Order","OK")))))))) | J26: exp2_culture2 | K26: =IF(OR(Z26="",AA26=""),"",COUNTIFS($Z$3:Z26,Z26,$AA$3:AA26,AA26)) -> 2 | P26: =IF(OR(AE26="",AF26=""),"",COUNTIFS($AE$3:AE26,AE26,$AF$3:AF26,AF26)) | U26: =IF(OR(AJ26="",AK26=""),"",COUNTIFS($AJ$3:AJ26,AJ26,$AK$3:AK26,AK26)) | Z26: =IF(J26="","",IF(H26<>"",H26,Z25)) -> Strain 2 | AA26: =IF(J26="","",IF(H26<>"",IF(I26<>"",I26,""),IF(I26<>"",I26,AA25))) -> B | AB26: =IF(OR(Z26="",AA26=""),"",Z26&"|"&AA26&"|"&TEXT(K26,"000")) -> Strain 2|B|002 | AC26: =IF(J26="","",IF(Z26="","Missing profile",IF(AA26="","Missing Set",IF(COUNTIF($AB$3:$AB$47,AB26)>1,"Duplicate key","OK")))) -> OK | AE26: =IF(O26="","",IF(M26<>"",M26,AE25)) | AF26: =IF(O26="","",IF(M26<>"",IF(N26<>"",N26,""),IF(N26<>"",N26,AF25))) | AG26: =IF(OR(AE26="",AF26=""),"",AE26&"|"&AF26&"|"&TEXT(P26,"000")) | AH26: =IF(O26="","",IF(AE26="","Missing profile",IF(AF26="","Missing Set",IF(COUNTIF($AG$3:$AG$47,AG26)>1,"Duplicate key","OK")))) | AJ26: =IF(T26="","",IF(R26<>"",R26,AJ25)) | AK26: =IF(T26="","",IF(R26<>"",IF(S26<>"",S26,""),IF(S26<>"",S26,AK25))) | AL26: =IF(OR(AJ26="",AK26=""),"",AJ26&"|"&AK26&"|"&TEXT(U26,"000")) | AM26: =IF(T26="","",IF(AJ26="","Missing profile",IF(AK26="","Missing Set",IF(COUNTIF($AL$3:$AL$47,AL26)>1,"Duplicate key","OK"))))
A27: =IF(B27="","",IFERROR(INDEX(Overview!$B$3:$B$62,MATCH(B27,Overview!$V$3:$V$62,0)),"")) | F27: =IF(B27="","",IF(OR(C27="",D27="",E27=""),"Incomplete assignment",IF(NOT(OR(C27="strain",C27="vertical",C27="other")),"Invalid Type",IF(OR(NOT(ISNUMBER(E27)),E27<1,INT(E27)<>E27),"Invalid Order",IF(IF(C27="strain",COUNTIF($Z$3:$Z$47,D27),IF(C27="vertical",COUNTIF($AE$3:$AE$47,D27),COUNTIF($AJ$3:$AJ$47,D27)))=0,"Unknown profile",IF(IF(C27="strain",COUNTIFS($Z$3:$Z$47,D27,$AC$3:$AC$47,"<>OK"),IF(C27="vertical",COUNTIFS($AE$3:$AE$47,D27,$AH$3:$AH$47,"<>OK"),COUNTIFS($AJ$3:$AJ$47,D27,$AM$3:$AM$47,"<>OK")))>0,"Profile errors",IF(COUNTIFS($B$3:$B$46,B27,$C$3:$C$46,C27,$D$3:$D$46,D27)>1,"Duplicate profile assignment",IF(COUNTIFS($B$3:$B$46,B27,$C$3:$C$46,C27,$E$3:$E$46,E27)>1,"Duplicate Order","OK")))))))) | J27: exp2_culture3 | K27: =IF(OR(Z27="",AA27=""),"",COUNTIFS($Z$3:Z27,Z27,$AA$3:AA27,AA27)) -> 3 | P27: =IF(OR(AE27="",AF27=""),"",COUNTIFS($AE$3:AE27,AE27,$AF$3:AF27,AF27)) | U27: =IF(OR(AJ27="",AK27=""),"",COUNTIFS($AJ$3:AJ27,AJ27,$AK$3:AK27,AK27)) | Z27: =IF(J27="","",IF(H27<>"",H27,Z26)) -> Strain 2 | AA27: =IF(J27="","",IF(H27<>"",IF(I27<>"",I27,""),IF(I27<>"",I27,AA26))) -> B | AB27: =IF(OR(Z27="",AA27=""),"",Z27&"|"&AA27&"|"&TEXT(K27,"000")) -> Strain 2|B|003 | AC27: =IF(J27="","",IF(Z27="","Missing profile",IF(AA27="","Missing Set",IF(COUNTIF($AB$3:$AB$47,AB27)>1,"Duplicate key","OK")))) -> OK | AE27: =IF(O27="","",IF(M27<>"",M27,AE26)) | AF27: =IF(O27="","",IF(M27<>"",IF(N27<>"",N27,""),IF(N27<>"",N27,AF26))) | AG27: =IF(OR(AE27="",AF27=""),"",AE27&"|"&AF27&"|"&TEXT(P27,"000")) | AH27: =IF(O27="","",IF(AE27="","Missing profile",IF(AF27="","Missing Set",IF(COUNTIF($AG$3:$AG$47,AG27)>1,"Duplicate key","OK")))) | AJ27: =IF(T27="","",IF(R27<>"",R27,AJ26)) | AK27: =IF(T27="","",IF(R27<>"",IF(S27<>"",S27,""),IF(S27<>"",S27,AK26))) | AL27: =IF(OR(AJ27="",AK27=""),"",AJ27&"|"&AK27&"|"&TEXT(U27,"000")) | AM27: =IF(T27="","",IF(AJ27="","Missing profile",IF(AK27="","Missing Set",IF(COUNTIF($AL$3:$AL$47,AL27)>1,"Duplicate key","OK"))))
A28: =IF(B28="","",IFERROR(INDEX(Overview!$B$3:$B$62,MATCH(B28,Overview!$V$3:$V$62,0)),"")) | F28: =IF(B28="","",IF(OR(C28="",D28="",E28=""),"Incomplete assignment",IF(NOT(OR(C28="strain",C28="vertical",C28="other")),"Invalid Type",IF(OR(NOT(ISNUMBER(E28)),E28<1,INT(E28)<>E28),"Invalid Order",IF(IF(C28="strain",COUNTIF($Z$3:$Z$47,D28),IF(C28="vertical",COUNTIF($AE$3:$AE$47,D28),COUNTIF($AJ$3:$AJ$47,D28)))=0,"Unknown profile",IF(IF(C28="strain",COUNTIFS($Z$3:$Z$47,D28,$AC$3:$AC$47,"<>OK"),IF(C28="vertical",COUNTIFS($AE$3:$AE$47,D28,$AH$3:$AH$47,"<>OK"),COUNTIFS($AJ$3:$AJ$47,D28,$AM$3:$AM$47,"<>OK")))>0,"Profile errors",IF(COUNTIFS($B$3:$B$46,B28,$C$3:$C$46,C28,$D$3:$D$46,D28)>1,"Duplicate profile assignment",IF(COUNTIFS($B$3:$B$46,B28,$C$3:$C$46,C28,$E$3:$E$46,E28)>1,"Duplicate Order","OK")))))))) | J28: exp2_culture4 | K28: =IF(OR(Z28="",AA28=""),"",COUNTIFS($Z$3:Z28,Z28,$AA$3:AA28,AA28)) -> 4 | P28: =IF(OR(AE28="",AF28=""),"",COUNTIFS($AE$3:AE28,AE28,$AF$3:AF28,AF28)) | U28: =IF(OR(AJ28="",AK28=""),"",COUNTIFS($AJ$3:AJ28,AJ28,$AK$3:AK28,AK28)) | Z28: =IF(J28="","",IF(H28<>"",H28,Z27)) -> Strain 2 | AA28: =IF(J28="","",IF(H28<>"",IF(I28<>"",I28,""),IF(I28<>"",I28,AA27))) -> B | AB28: =IF(OR(Z28="",AA28=""),"",Z28&"|"&AA28&"|"&TEXT(K28,"000")) -> Strain 2|B|004 | AC28: =IF(J28="","",IF(Z28="","Missing profile",IF(AA28="","Missing Set",IF(COUNTIF($AB$3:$AB$47,AB28)>1,"Duplicate key","OK")))) -> OK | AE28: =IF(O28="","",IF(M28<>"",M28,AE27)) | AF28: =IF(O28="","",IF(M28<>"",IF(N28<>"",N28,""),IF(N28<>"",N28,AF27))) | AG28: =IF(OR(AE28="",AF28=""),"",AE28&"|"&AF28&"|"&TEXT(P28,"000")) | AH28: =IF(O28="","",IF(AE28="","Missing profile",IF(AF28="","Missing Set",IF(COUNTIF($AG$3:$AG$47,AG28)>1,"Duplicate key","OK")))) | AJ28: =IF(T28="","",IF(R28<>"",R28,AJ27)) | AK28: =IF(T28="","",IF(R28<>"",IF(S28<>"",S28,""),IF(S28<>"",S28,AK27))) | AL28: =IF(OR(AJ28="",AK28=""),"",AJ28&"|"&AK28&"|"&TEXT(U28,"000")) | AM28: =IF(T28="","",IF(AJ28="","Missing profile",IF(AK28="","Missing Set",IF(COUNTIF($AL$3:$AL$47,AL28)>1,"Duplicate key","OK"))))
A29: =IF(B29="","",IFERROR(INDEX(Overview!$B$3:$B$62,MATCH(B29,Overview!$V$3:$V$62,0)),"")) | F29: =IF(B29="","",IF(OR(C29="",D29="",E29=""),"Incomplete assignment",IF(NOT(OR(C29="strain",C29="vertical",C29="other")),"Invalid Type",IF(OR(NOT(ISNUMBER(E29)),E29<1,INT(E29)<>E29),"Invalid Order",IF(IF(C29="strain",COUNTIF($Z$3:$Z$47,D29),IF(C29="vertical",COUNTIF($AE$3:$AE$47,D29),COUNTIF($AJ$3:$AJ$47,D29)))=0,"Unknown profile",IF(IF(C29="strain",COUNTIFS($Z$3:$Z$47,D29,$AC$3:$AC$47,"<>OK"),IF(C29="vertical",COUNTIFS($AE$3:$AE$47,D29,$AH$3:$AH$47,"<>OK"),COUNTIFS($AJ$3:$AJ$47,D29,$AM$3:$AM$47,"<>OK")))>0,"Profile errors",IF(COUNTIFS($B$3:$B$46,B29,$C$3:$C$46,C29,$D$3:$D$46,D29)>1,"Duplicate profile assignment",IF(COUNTIFS($B$3:$B$46,B29,$C$3:$C$46,C29,$E$3:$E$46,E29)>1,"Duplicate Order","OK")))))))) | J29: exp2_culture5 | K29: =IF(OR(Z29="",AA29=""),"",COUNTIFS($Z$3:Z29,Z29,$AA$3:AA29,AA29)) -> 5 | P29: =IF(OR(AE29="",AF29=""),"",COUNTIFS($AE$3:AE29,AE29,$AF$3:AF29,AF29)) | U29: =IF(OR(AJ29="",AK29=""),"",COUNTIFS($AJ$3:AJ29,AJ29,$AK$3:AK29,AK29)) | Z29: =IF(J29="","",IF(H29<>"",H29,Z28)) -> Strain 2 | AA29: =IF(J29="","",IF(H29<>"",IF(I29<>"",I29,""),IF(I29<>"",I29,AA28))) -> B | AB29: =IF(OR(Z29="",AA29=""),"",Z29&"|"&AA29&"|"&TEXT(K29,"000")) -> Strain 2|B|005 | AC29: =IF(J29="","",IF(Z29="","Missing profile",IF(AA29="","Missing Set",IF(COUNTIF($AB$3:$AB$47,AB29)>1,"Duplicate key","OK")))) -> OK | AE29: =IF(O29="","",IF(M29<>"",M29,AE28)) | AF29: =IF(O29="","",IF(M29<>"",IF(N29<>"",N29,""),IF(N29<>"",N29,AF28))) | AG29: =IF(OR(AE29="",AF29=""),"",AE29&"|"&AF29&"|"&TEXT(P29,"000")) | AH29: =IF(O29="","",IF(AE29="","Missing profile",IF(AF29="","Missing Set",IF(COUNTIF($AG$3:$AG$47,AG29)>1,"Duplicate key","OK")))) | AJ29: =IF(T29="","",IF(R29<>"",R29,AJ28)) | AK29: =IF(T29="","",IF(R29<>"",IF(S29<>"",S29,""),IF(S29<>"",S29,AK28))) | AL29: =IF(OR(AJ29="",AK29=""),"",AJ29&"|"&AK29&"|"&TEXT(U29,"000")) | AM29: =IF(T29="","",IF(AJ29="","Missing profile",IF(AK29="","Missing Set",IF(COUNTIF($AL$3:$AL$47,AL29)>1,"Duplicate key","OK"))))
A30: =IF(B30="","",IFERROR(INDEX(Overview!$B$3:$B$62,MATCH(B30,Overview!$V$3:$V$62,0)),"")) | F30: =IF(B30="","",IF(OR(C30="",D30="",E30=""),"Incomplete assignment",IF(NOT(OR(C30="strain",C30="vertical",C30="other")),"Invalid Type",IF(OR(NOT(ISNUMBER(E30)),E30<1,INT(E30)<>E30),"Invalid Order",IF(IF(C30="strain",COUNTIF($Z$3:$Z$47,D30),IF(C30="vertical",COUNTIF($AE$3:$AE$47,D30),COUNTIF($AJ$3:$AJ$47,D30)))=0,"Unknown profile",IF(IF(C30="strain",COUNTIFS($Z$3:$Z$47,D30,$AC$3:$AC$47,"<>OK"),IF(C30="vertical",COUNTIFS($AE$3:$AE$47,D30,$AH$3:$AH$47,"<>OK"),COUNTIFS($AJ$3:$AJ$47,D30,$AM$3:$AM$47,"<>OK")))>0,"Profile errors",IF(COUNTIFS($B$3:$B$46,B30,$C$3:$C$46,C30,$D$3:$D$46,D30)>1,"Duplicate profile assignment",IF(COUNTIFS($B$3:$B$46,B30,$C$3:$C$46,C30,$E$3:$E$46,E30)>1,"Duplicate Order","OK")))))))) | J30: exp2_culture6 | K30: =IF(OR(Z30="",AA30=""),"",COUNTIFS($Z$3:Z30,Z30,$AA$3:AA30,AA30)) -> 6 | P30: =IF(OR(AE30="",AF30=""),"",COUNTIFS($AE$3:AE30,AE30,$AF$3:AF30,AF30)) | U30: =IF(OR(AJ30="",AK30=""),"",COUNTIFS($AJ$3:AJ30,AJ30,$AK$3:AK30,AK30)) | Z30: =IF(J30="","",IF(H30<>"",H30,Z29)) -> Strain 2 | AA30: =IF(J30="","",IF(H30<>"",IF(I30<>"",I30,""),IF(I30<>"",I30,AA29))) -> B | AB30: =IF(OR(Z30="",AA30=""),"",Z30&"|"&AA30&"|"&TEXT(K30,"000")) -> Strain 2|B|006 | AC30: =IF(J30="","",IF(Z30="","Missing profile",IF(AA30="","Missing Set",IF(COUNTIF($AB$3:$AB$47,AB30)>1,"Duplicate key","OK")))) -> OK | AE30: =IF(O30="","",IF(M30<>"",M30,AE29)) | AF30: =IF(O30="","",IF(M30<>"",IF(N30<>"",N30,""),IF(N30<>"",N30,AF29))) | AG30: =IF(OR(AE30="",AF30=""),"",AE30&"|"&AF30&"|"&TEXT(P30,"000")) | AH30: =IF(O30="","",IF(AE30="","Missing profile",IF(AF30="","Missing Set",IF(COUNTIF($AG$3:$AG$47,AG30)>1,"Duplicate key","OK")))) | AJ30: =IF(T30="","",IF(R30<>"",R30,AJ29)) | AK30: =IF(T30="","",IF(R30<>"",IF(S30<>"",S30,""),IF(S30<>"",S30,AK29))) | AL30: =IF(OR(AJ30="",AK30=""),"",AJ30&"|"&AK30&"|"&TEXT(U30,"000")) | AM30: =IF(T30="","",IF(AJ30="","Missing profile",IF(AK30="","Missing Set",IF(COUNTIF($AL$3:$AL$47,AL30)>1,"Duplicate key","OK"))))
A31: =IF(B31="","",IFERROR(INDEX(Overview!$B$3:$B$62,MATCH(B31,Overview!$V$3:$V$62,0)),"")) | F31: =IF(B31="","",IF(OR(C31="",D31="",E31=""),"Incomplete assignment",IF(NOT(OR(C31="strain",C31="vertical",C31="other")),"Invalid Type",IF(OR(NOT(ISNUMBER(E31)),E31<1,INT(E31)<>E31),"Invalid Order",IF(IF(C31="strain",COUNTIF($Z$3:$Z$47,D31),IF(C31="vertical",COUNTIF($AE$3:$AE$47,D31),COUNTIF($AJ$3:$AJ$47,D31)))=0,"Unknown profile",IF(IF(C31="strain",COUNTIFS($Z$3:$Z$47,D31,$AC$3:$AC$47,"<>OK"),IF(C31="vertical",COUNTIFS($AE$3:$AE$47,D31,$AH$3:$AH$47,"<>OK"),COUNTIFS($AJ$3:$AJ$47,D31,$AM$3:$AM$47,"<>OK")))>0,"Profile errors",IF(COUNTIFS($B$3:$B$46,B31,$C$3:$C$46,C31,$D$3:$D$46,D31)>1,"Duplicate profile assignment",IF(COUNTIFS($B$3:$B$46,B31,$C$3:$C$46,C31,$E$3:$E$46,E31)>1,"Duplicate Order","OK")))))))) | J31: exp2_culture7 | K31: =IF(OR(Z31="",AA31=""),"",COUNTIFS($Z$3:Z31,Z31,$AA$3:AA31,AA31)) -> 7 | P31: =IF(OR(AE31="",AF31=""),"",COUNTIFS($AE$3:AE31,AE31,$AF$3:AF31,AF31)) | U31: =IF(OR(AJ31="",AK31=""),"",COUNTIFS($AJ$3:AJ31,AJ31,$AK$3:AK31,AK31)) | Z31: =IF(J31="","",IF(H31<>"",H31,Z30)) -> Strain 2 | AA31: =IF(J31="","",IF(H31<>"",IF(I31<>"",I31,""),IF(I31<>"",I31,AA30))) -> B | AB31: =IF(OR(Z31="",AA31=""),"",Z31&"|"&AA31&"|"&TEXT(K31,"000")) -> Strain 2|B|007 | AC31: =IF(J31="","",IF(Z31="","Missing profile",IF(AA31="","Missing Set",IF(COUNTIF($AB$3:$AB$47,AB31)>1,"Duplicate key","OK")))) -> OK | AE31: =IF(O31="","",IF(M31<>"",M31,AE30)) | AF31: =IF(O31="","",IF(M31<>"",IF(N31<>"",N31,""),IF(N31<>"",N31,AF30))) | AG31: =IF(OR(AE31="",AF31=""),"",AE31&"|"&AF31&"|"&TEXT(P31,"000")) | AH31: =IF(O31="","",IF(AE31="","Missing profile",IF(AF31="","Missing Set",IF(COUNTIF($AG$3:$AG$47,AG31)>1,"Duplicate key","OK")))) | AJ31: =IF(T31="","",IF(R31<>"",R31,AJ30)) | AK31: =IF(T31="","",IF(R31<>"",IF(S31<>"",S31,""),IF(S31<>"",S31,AK30))) | AL31: =IF(OR(AJ31="",AK31=""),"",AJ31&"|"&AK31&"|"&TEXT(U31,"000")) | AM31: =IF(T31="","",IF(AJ31="","Missing profile",IF(AK31="","Missing Set",IF(COUNTIF($AL$3:$AL$47,AL31)>1,"Duplicate key","OK"))))
A32: =IF(B32="","",IFERROR(INDEX(Overview!$B$3:$B$62,MATCH(B32,Overview!$V$3:$V$62,0)),"")) | F32: =IF(B32="","",IF(OR(C32="",D32="",E32=""),"Incomplete assignment",IF(NOT(OR(C32="strain",C32="vertical",C32="other")),"Invalid Type",IF(OR(NOT(ISNUMBER(E32)),E32<1,INT(E32)<>E32),"Invalid Order",IF(IF(C32="strain",COUNTIF($Z$3:$Z$47,D32),IF(C32="vertical",COUNTIF($AE$3:$AE$47,D32),COUNTIF($AJ$3:$AJ$47,D32)))=0,"Unknown profile",IF(IF(C32="strain",COUNTIFS($Z$3:$Z$47,D32,$AC$3:$AC$47,"<>OK"),IF(C32="vertical",COUNTIFS($AE$3:$AE$47,D32,$AH$3:$AH$47,"<>OK"),COUNTIFS($AJ$3:$AJ$47,D32,$AM$3:$AM$47,"<>OK")))>0,"Profile errors",IF(COUNTIFS($B$3:$B$46,B32,$C$3:$C$46,C32,$D$3:$D$46,D32)>1,"Duplicate profile assignment",IF(COUNTIFS($B$3:$B$46,B32,$C$3:$C$46,C32,$E$3:$E$46,E32)>1,"Duplicate Order","OK")))))))) | J32: exp2_culture8 | K32: =IF(OR(Z32="",AA32=""),"",COUNTIFS($Z$3:Z32,Z32,$AA$3:AA32,AA32)) -> 8 | P32: =IF(OR(AE32="",AF32=""),"",COUNTIFS($AE$3:AE32,AE32,$AF$3:AF32,AF32)) | U32: =IF(OR(AJ32="",AK32=""),"",COUNTIFS($AJ$3:AJ32,AJ32,$AK$3:AK32,AK32)) | Z32: =IF(J32="","",IF(H32<>"",H32,Z31)) -> Strain 2 | AA32: =IF(J32="","",IF(H32<>"",IF(I32<>"",I32,""),IF(I32<>"",I32,AA31))) -> B | AB32: =IF(OR(Z32="",AA32=""),"",Z32&"|"&AA32&"|"&TEXT(K32,"000")) -> Strain 2|B|008 | AC32: =IF(J32="","",IF(Z32="","Missing profile",IF(AA32="","Missing Set",IF(COUNTIF($AB$3:$AB$47,AB32)>1,"Duplicate key","OK")))) -> OK | AE32: =IF(O32="","",IF(M32<>"",M32,AE31)) | AF32: =IF(O32="","",IF(M32<>"",IF(N32<>"",N32,""),IF(N32<>"",N32,AF31))) | AG32: =IF(OR(AE32="",AF32=""),"",AE32&"|"&AF32&"|"&TEXT(P32,"000")) | AH32: =IF(O32="","",IF(AE32="","Missing profile",IF(AF32="","Missing Set",IF(COUNTIF($AG$3:$AG$47,AG32)>1,"Duplicate key","OK")))) | AJ32: =IF(T32="","",IF(R32<>"",R32,AJ31)) | AK32: =IF(T32="","",IF(R32<>"",IF(S32<>"",S32,""),IF(S32<>"",S32,AK31))) | AL32: =IF(OR(AJ32="",AK32=""),"",AJ32&"|"&AK32&"|"&TEXT(U32,"000")) | AM32: =IF(T32="","",IF(AJ32="","Missing profile",IF(AK32="","Missing Set",IF(COUNTIF($AL$3:$AL$47,AL32)>1,"Duplicate key","OK"))))
A33: =IF(B33="","",IFERROR(INDEX(Overview!$B$3:$B$62,MATCH(B33,Overview!$V$3:$V$62,0)),"")) | F33: =IF(B33="","",IF(OR(C33="",D33="",E33=""),"Incomplete assignment",IF(NOT(OR(C33="strain",C33="vertical",C33="other")),"Invalid Type",IF(OR(NOT(ISNUMBER(E33)),E33<1,INT(E33)<>E33),"Invalid Order",IF(IF(C33="strain",COUNTIF($Z$3:$Z$47,D33),IF(C33="vertical",COUNTIF($AE$3:$AE$47,D33),COUNTIF($AJ$3:$AJ$47,D33)))=0,"Unknown profile",IF(IF(C33="strain",COUNTIFS($Z$3:$Z$47,D33,$AC$3:$AC$47,"<>OK"),IF(C33="vertical",COUNTIFS($AE$3:$AE$47,D33,$AH$3:$AH$47,"<>OK"),COUNTIFS($AJ$3:$AJ$47,D33,$AM$3:$AM$47,"<>OK")))>0,"Profile errors",IF(COUNTIFS($B$3:$B$46,B33,$C$3:$C$46,C33,$D$3:$D$46,D33)>1,"Duplicate profile assignment",IF(COUNTIFS($B$3:$B$46,B33,$C$3:$C$46,C33,$E$3:$E$46,E33)>1,"Duplicate Order","OK")))))))) | J33: exp2_culture9 | K33: =IF(OR(Z33="",AA33=""),"",COUNTIFS($Z$3:Z33,Z33,$AA$3:AA33,AA33)) -> 9 | P33: =IF(OR(AE33="",AF33=""),"",COUNTIFS($AE$3:AE33,AE33,$AF$3:AF33,AF33)) | U33: =IF(OR(AJ33="",AK33=""),"",COUNTIFS($AJ$3:AJ33,AJ33,$AK$3:AK33,AK33)) | Z33: =IF(J33="","",IF(H33<>"",H33,Z32)) -> Strain 2 | AA33: =IF(J33="","",IF(H33<>"",IF(I33<>"",I33,""),IF(I33<>"",I33,AA32))) -> B | AB33: =IF(OR(Z33="",AA33=""),"",Z33&"|"&AA33&"|"&TEXT(K33,"000")) -> Strain 2|B|009 | AC33: =IF(J33="","",IF(Z33="","Missing profile",IF(AA33="","Missing Set",IF(COUNTIF($AB$3:$AB$47,AB33)>1,"Duplicate key","OK")))) -> OK | AE33: =IF(O33="","",IF(M33<>"",M33,AE32)) | AF33: =IF(O33="","",IF(M33<>"",IF(N33<>"",N33,""),IF(N33<>"",N33,AF32))) | AG33: =IF(OR(AE33="",AF33=""),"",AE33&"|"&AF33&"|"&TEXT(P33,"000")) | AH33: =IF(O33="","",IF(AE33="","Missing profile",IF(AF33="","Missing Set",IF(COUNTIF($AG$3:$AG$47,AG33)>1,"Duplicate key","OK")))) | AJ33: =IF(T33="","",IF(R33<>"",R33,AJ32)) | AK33: =IF(T33="","",IF(R33<>"",IF(S33<>"",S33,""),IF(S33<>"",S33,AK32))) | AL33: =IF(OR(AJ33="",AK33=""),"",AJ33&"|"&AK33&"|"&TEXT(U33,"000")) | AM33: =IF(T33="","",IF(AJ33="","Missing profile",IF(AK33="","Missing Set",IF(COUNTIF($AL$3:$AL$47,AL33)>1,"Duplicate key","OK"))))
A34: =IF(B34="","",IFERROR(INDEX(Overview!$B$3:$B$62,MATCH(B34,Overview!$V$3:$V$62,0)),"")) | F34: =IF(B34="","",IF(OR(C34="",D34="",E34=""),"Incomplete assignment",IF(NOT(OR(C34="strain",C34="vertical",C34="other")),"Invalid Type",IF(OR(NOT(ISNUMBER(E34)),E34<1,INT(E34)<>E34),"Invalid Order",IF(IF(C34="strain",COUNTIF($Z$3:$Z$47,D34),IF(C34="vertical",COUNTIF($AE$3:$AE$47,D34),COUNTIF($AJ$3:$AJ$47,D34)))=0,"Unknown profile",IF(IF(C34="strain",COUNTIFS($Z$3:$Z$47,D34,$AC$3:$AC$47,"<>OK"),IF(C34="vertical",COUNTIFS($AE$3:$AE$47,D34,$AH$3:$AH$47,"<>OK"),COUNTIFS($AJ$3:$AJ$47,D34,$AM$3:$AM$47,"<>OK")))>0,"Profile errors",IF(COUNTIFS($B$3:$B$46,B34,$C$3:$C$46,C34,$D$3:$D$46,D34)>1,"Duplicate profile assignment",IF(COUNTIFS($B$3:$B$46,B34,$C$3:$C$46,C34,$E$3:$E$46,E34)>1,"Duplicate Order","OK")))))))) | J34: exp2_culture10 | K34: =IF(OR(Z34="",AA34=""),"",COUNTIFS($Z$3:Z34,Z34,$AA$3:AA34,AA34)) -> 10 | P34: =IF(OR(AE34="",AF34=""),"",COUNTIFS($AE$3:AE34,AE34,$AF$3:AF34,AF34)) | U34: =IF(OR(AJ34="",AK34=""),"",COUNTIFS($AJ$3:AJ34,AJ34,$AK$3:AK34,AK34)) | Z34: =IF(J34="","",IF(H34<>"",H34,Z33)) -> Strain 2 | AA34: =IF(J34="","",IF(H34<>"",IF(I34<>"",I34,""),IF(I34<>"",I34,AA33))) -> B | AB34: =IF(OR(Z34="",AA34=""),"",Z34&"|"&AA34&"|"&TEXT(K34,"000")) -> Strain 2|B|010 | AC34: =IF(J34="","",IF(Z34="","Missing profile",IF(AA34="","Missing Set",IF(COUNTIF($AB$3:$AB$47,AB34)>1,"Duplicate key","OK")))) -> OK | AE34: =IF(O34="","",IF(M34<>"",M34,AE33)) | AF34: =IF(O34="","",IF(M34<>"",IF(N34<>"",N34,""),IF(N34<>"",N34,AF33))) | AG34: =IF(OR(AE34="",AF34=""),"",AE34&"|"&AF34&"|"&TEXT(P34,"000")) | AH34: =IF(O34="","",IF(AE34="","Missing profile",IF(AF34="","Missing Set",IF(COUNTIF($AG$3:$AG$47,AG34)>1,"Duplicate key","OK")))) | AJ34: =IF(T34="","",IF(R34<>"",R34,AJ33)) | AK34: =IF(T34="","",IF(R34<>"",IF(S34<>"",S34,""),IF(S34<>"",S34,AK33))) | AL34: =IF(OR(AJ34="",AK34=""),"",AJ34&"|"&AK34&"|"&TEXT(U34,"000")) | AM34: =IF(T34="","",IF(AJ34="","Missing profile",IF(AK34="","Missing Set",IF(COUNTIF($AL$3:$AL$47,AL34)>1,"Duplicate key","OK"))))
A35: =IF(B35="","",IFERROR(INDEX(Overview!$B$3:$B$62,MATCH(B35,Overview!$V$3:$V$62,0)),"")) | F35: =IF(B35="","",IF(OR(C35="",D35="",E35=""),"Incomplete assignment",IF(NOT(OR(C35="strain",C35="vertical",C35="other")),"Invalid Type",IF(OR(NOT(ISNUMBER(E35)),E35<1,INT(E35)<>E35),"Invalid Order",IF(IF(C35="strain",COUNTIF($Z$3:$Z$47,D35),IF(C35="vertical",COUNTIF($AE$3:$AE$47,D35),COUNTIF($AJ$3:$AJ$47,D35)))=0,"Unknown profile",IF(IF(C35="strain",COUNTIFS($Z$3:$Z$47,D35,$AC$3:$AC$47,"<>OK"),IF(C35="vertical",COUNTIFS($AE$3:$AE$47,D35,$AH$3:$AH$47,"<>OK"),COUNTIFS($AJ$3:$AJ$47,D35,$AM$3:$AM$47,"<>OK")))>0,"Profile errors",IF(COUNTIFS($B$3:$B$46,B35,$C$3:$C$46,C35,$D$3:$D$46,D35)>1,"Duplicate profile assignment",IF(COUNTIFS($B$3:$B$46,B35,$C$3:$C$46,C35,$E$3:$E$46,E35)>1,"Duplicate Order","OK")))))))) | K35: =IF(OR(Z35="",AA35=""),"",COUNTIFS($Z$3:Z35,Z35,$AA$3:AA35,AA35)) | P35: =IF(OR(AE35="",AF35=""),"",COUNTIFS($AE$3:AE35,AE35,$AF$3:AF35,AF35)) | U35: =IF(OR(AJ35="",AK35=""),"",COUNTIFS($AJ$3:AJ35,AJ35,$AK$3:AK35,AK35)) | Z35: =IF(J35="","",IF(H35<>"",H35,Z34)) | AA35: =IF(J35="","",IF(H35<>"",IF(I35<>"",I35,""),IF(I35<>"",I35,AA34))) | AB35: =IF(OR(Z35="",AA35=""),"",Z35&"|"&AA35&"|"&TEXT(K35,"000")) | AC35: =IF(J35="","",IF(Z35="","Missing profile",IF(AA35="","Missing Set",IF(COUNTIF($AB$3:$AB$47,AB35)>1,"Duplicate key","OK")))) | AE35: =IF(O35="","",IF(M35<>"",M35,AE34)) | AF35: =IF(O35="","",IF(M35<>"",IF(N35<>"",N35,""),IF(N35<>"",N35,AF34))) | AG35: =IF(OR(AE35="",AF35=""),"",AE35&"|"&AF35&"|"&TEXT(P35,"000")) | AH35: =IF(O35="","",IF(AE35="","Missing profile",IF(AF35="","Missing Set",IF(COUNTIF($AG$3:$AG$47,AG35)>1,"Duplicate key","OK")))) | AJ35: =IF(T35="","",IF(R35<>"",R35,AJ34)) | AK35: =IF(T35="","",IF(R35<>"",IF(S35<>"",S35,""),IF(S35<>"",S35,AK34))) | AL35: =IF(OR(AJ35="",AK35=""),"",AJ35&"|"&AK35&"|"&TEXT(U35,"000")) | AM35: =IF(T35="","",IF(AJ35="","Missing profile",IF(AK35="","Missing Set",IF(COUNTIF($AL$3:$AL$47,AL35)>1,"Duplicate key","OK"))))
A36: =IF(B36="","",IFERROR(INDEX(Overview!$B$3:$B$62,MATCH(B36,Overview!$V$3:$V$62,0)),"")) | F36: =IF(B36="","",IF(OR(C36="",D36="",E36=""),"Incomplete assignment",IF(NOT(OR(C36="strain",C36="vertical",C36="other")),"Invalid Type",IF(OR(NOT(ISNUMBER(E36)),E36<1,INT(E36)<>E36),"Invalid Order",IF(IF(C36="strain",COUNTIF($Z$3:$Z$47,D36),IF(C36="vertical",COUNTIF($AE$3:$AE$47,D36),COUNTIF($AJ$3:$AJ$47,D36)))=0,"Unknown profile",IF(IF(C36="strain",COUNTIFS($Z$3:$Z$47,D36,$AC$3:$AC$47,"<>OK"),IF(C36="vertical",COUNTIFS($AE$3:$AE$47,D36,$AH$3:$AH$47,"<>OK"),COUNTIFS($AJ$3:$AJ$47,D36,$AM$3:$AM$47,"<>OK")))>0,"Profile errors",IF(COUNTIFS($B$3:$B$46,B36,$C$3:$C$46,C36,$D$3:$D$46,D36)>1,"Duplicate profile assignment",IF(COUNTIFS($B$3:$B$46,B36,$C$3:$C$46,C36,$E$3:$E$46,E36)>1,"Duplicate Order","OK")))))))) | K36: =IF(OR(Z36="",AA36=""),"",COUNTIFS($Z$3:Z36,Z36,$AA$3:AA36,AA36)) | P36: =IF(OR(AE36="",AF36=""),"",COUNTIFS($AE$3:AE36,AE36,$AF$3:AF36,AF36)) | U36: =IF(OR(AJ36="",AK36=""),"",COUNTIFS($AJ$3:AJ36,AJ36,$AK$3:AK36,AK36)) | Z36: =IF(J36="","",IF(H36<>"",H36,Z35)) | AA36: =IF(J36="","",IF(H36<>"",IF(I36<>"",I36,""),IF(I36<>"",I36,AA35))) | AB36: =IF(OR(Z36="",AA36=""),"",Z36&"|"&AA36&"|"&TEXT(K36,"000")) | AC36: =IF(J36="","",IF(Z36="","Missing profile",IF(AA36="","Missing Set",IF(COUNTIF($AB$3:$AB$47,AB36)>1,"Duplicate key","OK")))) | AE36: =IF(O36="","",IF(M36<>"",M36,AE35)) | AF36: =IF(O36="","",IF(M36<>"",IF(N36<>"",N36,""),IF(N36<>"",N36,AF35))) | AG36: =IF(OR(AE36="",AF36=""),"",AE36&"|"&AF36&"|"&TEXT(P36,"000")) | AH36: =IF(O36="","",IF(AE36="","Missing profile",IF(AF36="","Missing Set",IF(COUNTIF($AG$3:$AG$47,AG36)>1,"Duplicate key","OK")))) | AJ36: =IF(T36="","",IF(R36<>"",R36,AJ35)) | AK36: =IF(T36="","",IF(R36<>"",IF(S36<>"",S36,""),IF(S36<>"",S36,AK35))) | AL36: =IF(OR(AJ36="",AK36=""),"",AJ36&"|"&AK36&"|"&TEXT(U36,"000")) | AM36: =IF(T36="","",IF(AJ36="","Missing profile",IF(AK36="","Missing Set",IF(COUNTIF($AL$3:$AL$47,AL36)>1,"Duplicate key","OK"))))
A37: =IF(B37="","",IFERROR(INDEX(Overview!$B$3:$B$62,MATCH(B37,Overview!$V$3:$V$62,0)),"")) | F37: =IF(B37="","",IF(OR(C37="",D37="",E37=""),"Incomplete assignment",IF(NOT(OR(C37="strain",C37="vertical",C37="other")),"Invalid Type",IF(OR(NOT(ISNUMBER(E37)),E37<1,INT(E37)<>E37),"Invalid Order",IF(IF(C37="strain",COUNTIF($Z$3:$Z$47,D37),IF(C37="vertical",COUNTIF($AE$3:$AE$47,D37),COUNTIF($AJ$3:$AJ$47,D37)))=0,"Unknown profile",IF(IF(C37="strain",COUNTIFS($Z$3:$Z$47,D37,$AC$3:$AC$47,"<>OK"),IF(C37="vertical",COUNTIFS($AE$3:$AE$47,D37,$AH$3:$AH$47,"<>OK"),COUNTIFS($AJ$3:$AJ$47,D37,$AM$3:$AM$47,"<>OK")))>0,"Profile errors",IF(COUNTIFS($B$3:$B$46,B37,$C$3:$C$46,C37,$D$3:$D$46,D37)>1,"Duplicate profile assignment",IF(COUNTIFS($B$3:$B$46,B37,$C$3:$C$46,C37,$E$3:$E$46,E37)>1,"Duplicate Order","OK")))))))) | K37: =IF(OR(Z37="",AA37=""),"",COUNTIFS($Z$3:Z37,Z37,$AA$3:AA37,AA37)) | P37: =IF(OR(AE37="",AF37=""),"",COUNTIFS($AE$3:AE37,AE37,$AF$3:AF37,AF37)) | U37: =IF(OR(AJ37="",AK37=""),"",COUNTIFS($AJ$3:AJ37,AJ37,$AK$3:AK37,AK37)) | Z37: =IF(J37="","",IF(H37<>"",H37,Z36)) | AA37: =IF(J37="","",IF(H37<>"",IF(I37<>"",I37,""),IF(I37<>"",I37,AA36))) | AB37: =IF(OR(Z37="",AA37=""),"",Z37&"|"&AA37&"|"&TEXT(K37,"000")) | AC37: =IF(J37="","",IF(Z37="","Missing profile",IF(AA37="","Missing Set",IF(COUNTIF($AB$3:$AB$47,AB37)>1,"Duplicate key","OK")))) | AE37: =IF(O37="","",IF(M37<>"",M37,AE36)) | AF37: =IF(O37="","",IF(M37<>"",IF(N37<>"",N37,""),IF(N37<>"",N37,AF36))) | AG37: =IF(OR(AE37="",AF37=""),"",AE37&"|"&AF37&"|"&TEXT(P37,"000")) | AH37: =IF(O37="","",IF(AE37="","Missing profile",IF(AF37="","Missing Set",IF(COUNTIF($AG$3:$AG$47,AG37)>1,"Duplicate key","OK")))) | AJ37: =IF(T37="","",IF(R37<>"",R37,AJ36)) | AK37: =IF(T37="","",IF(R37<>"",IF(S37<>"",S37,""),IF(S37<>"",S37,AK36))) | AL37: =IF(OR(AJ37="",AK37=""),"",AJ37&"|"&AK37&"|"&TEXT(U37,"000")) | AM37: =IF(T37="","",IF(AJ37="","Missing profile",IF(AK37="","Missing Set",IF(COUNTIF($AL$3:$AL$47,AL37)>1,"Duplicate key","OK"))))
A38: =IF(B38="","",IFERROR(INDEX(Overview!$B$3:$B$62,MATCH(B38,Overview!$V$3:$V$62,0)),"")) | F38: =IF(B38="","",IF(OR(C38="",D38="",E38=""),"Incomplete assignment",IF(NOT(OR(C38="strain",C38="vertical",C38="other")),"Invalid Type",IF(OR(NOT(ISNUMBER(E38)),E38<1,INT(E38)<>E38),"Invalid Order",IF(IF(C38="strain",COUNTIF($Z$3:$Z$47,D38),IF(C38="vertical",COUNTIF($AE$3:$AE$47,D38),COUNTIF($AJ$3:$AJ$47,D38)))=0,"Unknown profile",IF(IF(C38="strain",COUNTIFS($Z$3:$Z$47,D38,$AC$3:$AC$47,"<>OK"),IF(C38="vertical",COUNTIFS($AE$3:$AE$47,D38,$AH$3:$AH$47,"<>OK"),COUNTIFS($AJ$3:$AJ$47,D38,$AM$3:$AM$47,"<>OK")))>0,"Profile errors",IF(COUNTIFS($B$3:$B$46,B38,$C$3:$C$46,C38,$D$3:$D$46,D38)>1,"Duplicate profile assignment",IF(COUNTIFS($B$3:$B$46,B38,$C$3:$C$46,C38,$E$3:$E$46,E38)>1,"Duplicate Order","OK")))))))) | K38: =IF(OR(Z38="",AA38=""),"",COUNTIFS($Z$3:Z38,Z38,$AA$3:AA38,AA38)) | P38: =IF(OR(AE38="",AF38=""),"",COUNTIFS($AE$3:AE38,AE38,$AF$3:AF38,AF38)) | U38: =IF(OR(AJ38="",AK38=""),"",COUNTIFS($AJ$3:AJ38,AJ38,$AK$3:AK38,AK38)) | Z38: =IF(J38="","",IF(H38<>"",H38,Z37)) | AA38: =IF(J38="","",IF(H38<>"",IF(I38<>"",I38,""),IF(I38<>"",I38,AA37))) | AB38: =IF(OR(Z38="",AA38=""),"",Z38&"|"&AA38&"|"&TEXT(K38,"000")) | AC38: =IF(J38="","",IF(Z38="","Missing profile",IF(AA38="","Missing Set",IF(COUNTIF($AB$3:$AB$47,AB38)>1,"Duplicate key","OK")))) | AE38: =IF(O38="","",IF(M38<>"",M38,AE37)) | AF38: =IF(O38="","",IF(M38<>"",IF(N38<>"",N38,""),IF(N38<>"",N38,AF37))) | AG38: =IF(OR(AE38="",AF38=""),"",AE38&"|"&AF38&"|"&TEXT(P38,"000")) | AH38: =IF(O38="","",IF(AE38="","Missing profile",IF(AF38="","Missing Set",IF(COUNTIF($AG$3:$AG$47,AG38)>1,"Duplicate key","OK")))) | AJ38: =IF(T38="","",IF(R38<>"",R38,AJ37)) | AK38: =IF(T38="","",IF(R38<>"",IF(S38<>"",S38,""),IF(S38<>"",S38,AK37))) | AL38: =IF(OR(AJ38="",AK38=""),"",AJ38&"|"&AK38&"|"&TEXT(U38,"000")) | AM38: =IF(T38="","",IF(AJ38="","Missing profile",IF(AK38="","Missing Set",IF(COUNTIF($AL$3:$AL$47,AL38)>1,"Duplicate key","OK"))))
A39: =IF(B39="","",IFERROR(INDEX(Overview!$B$3:$B$62,MATCH(B39,Overview!$V$3:$V$62,0)),"")) | F39: =IF(B39="","",IF(OR(C39="",D39="",E39=""),"Incomplete assignment",IF(NOT(OR(C39="strain",C39="vertical",C39="other")),"Invalid Type",IF(OR(NOT(ISNUMBER(E39)),E39<1,INT(E39)<>E39),"Invalid Order",IF(IF(C39="strain",COUNTIF($Z$3:$Z$47,D39),IF(C39="vertical",COUNTIF($AE$3:$AE$47,D39),COUNTIF($AJ$3:$AJ$47,D39)))=0,"Unknown profile",IF(IF(C39="strain",COUNTIFS($Z$3:$Z$47,D39,$AC$3:$AC$47,"<>OK"),IF(C39="vertical",COUNTIFS($AE$3:$AE$47,D39,$AH$3:$AH$47,"<>OK"),COUNTIFS($AJ$3:$AJ$47,D39,$AM$3:$AM$47,"<>OK")))>0,"Profile errors",IF(COUNTIFS($B$3:$B$46,B39,$C$3:$C$46,C39,$D$3:$D$46,D39)>1,"Duplicate profile assignment",IF(COUNTIFS($B$3:$B$46,B39,$C$3:$C$46,C39,$E$3:$E$46,E39)>1,"Duplicate Order","OK")))))))) | K39: =IF(OR(Z39="",AA39=""),"",COUNTIFS($Z$3:Z39,Z39,$AA$3:AA39,AA39)) | P39: =IF(OR(AE39="",AF39=""),"",COUNTIFS($AE$3:AE39,AE39,$AF$3:AF39,AF39)) | U39: =IF(OR(AJ39="",AK39=""),"",COUNTIFS($AJ$3:AJ39,AJ39,$AK$3:AK39,AK39)) | Z39: =IF(J39="","",IF(H39<>"",H39,Z38)) | AA39: =IF(J39="","",IF(H39<>"",IF(I39<>"",I39,""),IF(I39<>"",I39,AA38))) | AB39: =IF(OR(Z39="",AA39=""),"",Z39&"|"&AA39&"|"&TEXT(K39,"000")) | AC39: =IF(J39="","",IF(Z39="","Missing profile",IF(AA39="","Missing Set",IF(COUNTIF($AB$3:$AB$47,AB39)>1,"Duplicate key","OK")))) | AE39: =IF(O39="","",IF(M39<>"",M39,AE38)) | AF39: =IF(O39="","",IF(M39<>"",IF(N39<>"",N39,""),IF(N39<>"",N39,AF38))) | AG39: =IF(OR(AE39="",AF39=""),"",AE39&"|"&AF39&"|"&TEXT(P39,"000")) | AH39: =IF(O39="","",IF(AE39="","Missing profile",IF(AF39="","Missing Set",IF(COUNTIF($AG$3:$AG$47,AG39)>1,"Duplicate key","OK")))) | AJ39: =IF(T39="","",IF(R39<>"",R39,AJ38)) | AK39: =IF(T39="","",IF(R39<>"",IF(S39<>"",S39,""),IF(S39<>"",S39,AK38))) | AL39: =IF(OR(AJ39="",AK39=""),"",AJ39&"|"&AK39&"|"&TEXT(U39,"000")) | AM39: =IF(T39="","",IF(AJ39="","Missing profile",IF(AK39="","Missing Set",IF(COUNTIF($AL$3:$AL$47,AL39)>1,"Duplicate key","OK"))))
A40: =IF(B40="","",IFERROR(INDEX(Overview!$B$3:$B$62,MATCH(B40,Overview!$V$3:$V$62,0)),"")) | F40: =IF(B40="","",IF(OR(C40="",D40="",E40=""),"Incomplete assignment",IF(NOT(OR(C40="strain",C40="vertical",C40="other")),"Invalid Type",IF(OR(NOT(ISNUMBER(E40)),E40<1,INT(E40)<>E40),"Invalid Order",IF(IF(C40="strain",COUNTIF($Z$3:$Z$47,D40),IF(C40="vertical",COUNTIF($AE$3:$AE$47,D40),COUNTIF($AJ$3:$AJ$47,D40)))=0,"Unknown profile",IF(IF(C40="strain",COUNTIFS($Z$3:$Z$47,D40,$AC$3:$AC$47,"<>OK"),IF(C40="vertical",COUNTIFS($AE$3:$AE$47,D40,$AH$3:$AH$47,"<>OK"),COUNTIFS($AJ$3:$AJ$47,D40,$AM$3:$AM$47,"<>OK")))>0,"Profile errors",IF(COUNTIFS($B$3:$B$46,B40,$C$3:$C$46,C40,$D$3:$D$46,D40)>1,"Duplicate profile assignment",IF(COUNTIFS($B$3:$B$46,B40,$C$3:$C$46,C40,$E$3:$E$46,E40)>1,"Duplicate Order","OK")))))))) | K40: =IF(OR(Z40="",AA40=""),"",COUNTIFS($Z$3:Z40,Z40,$AA$3:AA40,AA40)) | P40: =IF(OR(AE40="",AF40=""),"",COUNTIFS($AE$3:AE40,AE40,$AF$3:AF40,AF40)) | U40: =IF(OR(AJ40="",AK40=""),"",COUNTIFS($AJ$3:AJ40,AJ40,$AK$3:AK40,AK40)) | Z40: =IF(J40="","",IF(H40<>"",H40,Z39)) | AA40: =IF(J40="","",IF(H40<>"",IF(I40<>"",I40,""),IF(I40<>"",I40,AA39))) | AB40: =IF(OR(Z40="",AA40=""),"",Z40&"|"&AA40&"|"&TEXT(K40,"000")) | AC40: =IF(J40="","",IF(Z40="","Missing profile",IF(AA40="","Missing Set",IF(COUNTIF($AB$3:$AB$47,AB40)>1,"Duplicate key","OK")))) | AE40: =IF(O40="","",IF(M40<>"",M40,AE39)) | AF40: =IF(O40="","",IF(M40<>"",IF(N40<>"",N40,""),IF(N40<>"",N40,AF39))) | AG40: =IF(OR(AE40="",AF40=""),"",AE40&"|"&AF40&"|"&TEXT(P40,"000")) | AH40: =IF(O40="","",IF(AE40="","Missing profile",IF(AF40="","Missing Set",IF(COUNTIF($AG$3:$AG$47,AG40)>1,"Duplicate key","OK")))) | AJ40: =IF(T40="","",IF(R40<>"",R40,AJ39)) | AK40: =IF(T40="","",IF(R40<>"",IF(S40<>"",S40,""),IF(S40<>"",S40,AK39))) | AL40: =IF(OR(AJ40="",AK40=""),"",AJ40&"|"&AK40&"|"&TEXT(U40,"000")) | AM40: =IF(T40="","",IF(AJ40="","Missing profile",IF(AK40="","Missing Set",IF(COUNTIF($AL$3:$AL$47,AL40)>1,"Duplicate key","OK"))))
A41: =IF(B41="","",IFERROR(INDEX(Overview!$B$3:$B$62,MATCH(B41,Overview!$V$3:$V$62,0)),"")) | F41: =IF(B41="","",IF(OR(C41="",D41="",E41=""),"Incomplete assignment",IF(NOT(OR(C41="strain",C41="vertical",C41="other")),"Invalid Type",IF(OR(NOT(ISNUMBER(E41)),E41<1,INT(E41)<>E41),"Invalid Order",IF(IF(C41="strain",COUNTIF($Z$3:$Z$47,D41),IF(C41="vertical",COUNTIF($AE$3:$AE$47,D41),COUNTIF($AJ$3:$AJ$47,D41)))=0,"Unknown profile",IF(IF(C41="strain",COUNTIFS($Z$3:$Z$47,D41,$AC$3:$AC$47,"<>OK"),IF(C41="vertical",COUNTIFS($AE$3:$AE$47,D41,$AH$3:$AH$47,"<>OK"),COUNTIFS($AJ$3:$AJ$47,D41,$AM$3:$AM$47,"<>OK")))>0,"Profile errors",IF(COUNTIFS($B$3:$B$46,B41,$C$3:$C$46,C41,$D$3:$D$46,D41)>1,"Duplicate profile assignment",IF(COUNTIFS($B$3:$B$46,B41,$C$3:$C$46,C41,$E$3:$E$46,E41)>1,"Duplicate Order","OK")))))))) | K41: =IF(OR(Z41="",AA41=""),"",COUNTIFS($Z$3:Z41,Z41,$AA$3:AA41,AA41)) | P41: =IF(OR(AE41="",AF41=""),"",COUNTIFS($AE$3:AE41,AE41,$AF$3:AF41,AF41)) | U41: =IF(OR(AJ41="",AK41=""),"",COUNTIFS($AJ$3:AJ41,AJ41,$AK$3:AK41,AK41)) | Z41: =IF(J41="","",IF(H41<>"",H41,Z40)) | AA41: =IF(J41="","",IF(H41<>"",IF(I41<>"",I41,""),IF(I41<>"",I41,AA40))) | AB41: =IF(OR(Z41="",AA41=""),"",Z41&"|"&AA41&"|"&TEXT(K41,"000")) | AC41: =IF(J41="","",IF(Z41="","Missing profile",IF(AA41="","Missing Set",IF(COUNTIF($AB$3:$AB$47,AB41)>1,"Duplicate key","OK")))) | AE41: =IF(O41="","",IF(M41<>"",M41,AE40)) | AF41: =IF(O41="","",IF(M41<>"",IF(N41<>"",N41,""),IF(N41<>"",N41,AF40))) | AG41: =IF(OR(AE41="",AF41=""),"",AE41&"|"&AF41&"|"&TEXT(P41,"000")) | AH41: =IF(O41="","",IF(AE41="","Missing profile",IF(AF41="","Missing Set",IF(COUNTIF($AG$3:$AG$47,AG41)>1,"Duplicate key","OK")))) | AJ41: =IF(T41="","",IF(R41<>"",R41,AJ40)) | AK41: =IF(T41="","",IF(R41<>"",IF(S41<>"",S41,""),IF(S41<>"",S41,AK40))) | AL41: =IF(OR(AJ41="",AK41=""),"",AJ41&"|"&AK41&"|"&TEXT(U41,"000")) | AM41: =IF(T41="","",IF(AJ41="","Missing profile",IF(AK41="","Missing Set",IF(COUNTIF($AL$3:$AL$47,AL41)>1,"Duplicate key","OK"))))
A42: =IF(B42="","",IFERROR(INDEX(Overview!$B$3:$B$62,MATCH(B42,Overview!$V$3:$V$62,0)),"")) | F42: =IF(B42="","",IF(OR(C42="",D42="",E42=""),"Incomplete assignment",IF(NOT(OR(C42="strain",C42="vertical",C42="other")),"Invalid Type",IF(OR(NOT(ISNUMBER(E42)),E42<1,INT(E42)<>E42),"Invalid Order",IF(IF(C42="strain",COUNTIF($Z$3:$Z$47,D42),IF(C42="vertical",COUNTIF($AE$3:$AE$47,D42),COUNTIF($AJ$3:$AJ$47,D42)))=0,"Unknown profile",IF(IF(C42="strain",COUNTIFS($Z$3:$Z$47,D42,$AC$3:$AC$47,"<>OK"),IF(C42="vertical",COUNTIFS($AE$3:$AE$47,D42,$AH$3:$AH$47,"<>OK"),COUNTIFS($AJ$3:$AJ$47,D42,$AM$3:$AM$47,"<>OK")))>0,"Profile errors",IF(COUNTIFS($B$3:$B$46,B42,$C$3:$C$46,C42,$D$3:$D$46,D42)>1,"Duplicate profile assignment",IF(COUNTIFS($B$3:$B$46,B42,$C$3:$C$46,C42,$E$3:$E$46,E42)>1,"Duplicate Order","OK")))))))) | K42: =IF(OR(Z42="",AA42=""),"",COUNTIFS($Z$3:Z42,Z42,$AA$3:AA42,AA42)) | P42: =IF(OR(AE42="",AF42=""),"",COUNTIFS($AE$3:AE42,AE42,$AF$3:AF42,AF42)) | U42: =IF(OR(AJ42="",AK42=""),"",COUNTIFS($AJ$3:AJ42,AJ42,$AK$3:AK42,AK42)) | Z42: =IF(J42="","",IF(H42<>"",H42,Z41)) | AA42: =IF(J42="","",IF(H42<>"",IF(I42<>"",I42,""),IF(I42<>"",I42,AA41))) | AB42: =IF(OR(Z42="",AA42=""),"",Z42&"|"&AA42&"|"&TEXT(K42,"000")) | AC42: =IF(J42="","",IF(Z42="","Missing profile",IF(AA42="","Missing Set",IF(COUNTIF($AB$3:$AB$47,AB42)>1,"Duplicate key","OK")))) | AE42: =IF(O42="","",IF(M42<>"",M42,AE41)) | AF42: =IF(O42="","",IF(M42<>"",IF(N42<>"",N42,""),IF(N42<>"",N42,AF41))) | AG42: =IF(OR(AE42="",AF42=""),"",AE42&"|"&AF42&"|"&TEXT(P42,"000")) | AH42: =IF(O42="","",IF(AE42="","Missing profile",IF(AF42="","Missing Set",IF(COUNTIF($AG$3:$AG$47,AG42)>1,"Duplicate key","OK")))) | AJ42: =IF(T42="","",IF(R42<>"",R42,AJ41)) | AK42: =IF(T42="","",IF(R42<>"",IF(S42<>"",S42,""),IF(S42<>"",S42,AK41))) | AL42: =IF(OR(AJ42="",AK42=""),"",AJ42&"|"&AK42&"|"&TEXT(U42,"000")) | AM42: =IF(T42="","",IF(AJ42="","Missing profile",IF(AK42="","Missing Set",IF(COUNTIF($AL$3:$AL$47,AL42)>1,"Duplicate key","OK"))))
A43: =IF(B43="","",IFERROR(INDEX(Overview!$B$3:$B$62,MATCH(B43,Overview!$V$3:$V$62,0)),"")) | F43: =IF(B43="","",IF(OR(C43="",D43="",E43=""),"Incomplete assignment",IF(NOT(OR(C43="strain",C43="vertical",C43="other")),"Invalid Type",IF(OR(NOT(ISNUMBER(E43)),E43<1,INT(E43)<>E43),"Invalid Order",IF(IF(C43="strain",COUNTIF($Z$3:$Z$47,D43),IF(C43="vertical",COUNTIF($AE$3:$AE$47,D43),COUNTIF($AJ$3:$AJ$47,D43)))=0,"Unknown profile",IF(IF(C43="strain",COUNTIFS($Z$3:$Z$47,D43,$AC$3:$AC$47,"<>OK"),IF(C43="vertical",COUNTIFS($AE$3:$AE$47,D43,$AH$3:$AH$47,"<>OK"),COUNTIFS($AJ$3:$AJ$47,D43,$AM$3:$AM$47,"<>OK")))>0,"Profile errors",IF(COUNTIFS($B$3:$B$46,B43,$C$3:$C$46,C43,$D$3:$D$46,D43)>1,"Duplicate profile assignment",IF(COUNTIFS($B$3:$B$46,B43,$C$3:$C$46,C43,$E$3:$E$46,E43)>1,"Duplicate Order","OK")))))))) | K43: =IF(OR(Z43="",AA43=""),"",COUNTIFS($Z$3:Z43,Z43,$AA$3:AA43,AA43)) | P43: =IF(OR(AE43="",AF43=""),"",COUNTIFS($AE$3:AE43,AE43,$AF$3:AF43,AF43)) | U43: =IF(OR(AJ43="",AK43=""),"",COUNTIFS($AJ$3:AJ43,AJ43,$AK$3:AK43,AK43)) | Z43: =IF(J43="","",IF(H43<>"",H43,Z42)) | AA43: =IF(J43="","",IF(H43<>"",IF(I43<>"",I43,""),IF(I43<>"",I43,AA42))) | AB43: =IF(OR(Z43="",AA43=""),"",Z43&"|"&AA43&"|"&TEXT(K43,"000")) | AC43: =IF(J43="","",IF(Z43="","Missing profile",IF(AA43="","Missing Set",IF(COUNTIF($AB$3:$AB$47,AB43)>1,"Duplicate key","OK")))) | AE43: =IF(O43="","",IF(M43<>"",M43,AE42)) | AF43: =IF(O43="","",IF(M43<>"",IF(N43<>"",N43,""),IF(N43<>"",N43,AF42))) | AG43: =IF(OR(AE43="",AF43=""),"",AE43&"|"&AF43&"|"&TEXT(P43,"000")) | AH43: =IF(O43="","",IF(AE43="","Missing profile",IF(AF43="","Missing Set",IF(COUNTIF($AG$3:$AG$47,AG43)>1,"Duplicate key","OK")))) | AJ43: =IF(T43="","",IF(R43<>"",R43,AJ42)) | AK43: =IF(T43="","",IF(R43<>"",IF(S43<>"",S43,""),IF(S43<>"",S43,AK42))) | AL43: =IF(OR(AJ43="",AK43=""),"",AJ43&"|"&AK43&"|"&TEXT(U43,"000")) | AM43: =IF(T43="","",IF(AJ43="","Missing profile",IF(AK43="","Missing Set",IF(COUNTIF($AL$3:$AL$47,AL43)>1,"Duplicate key","OK"))))
A44: =IF(B44="","",IFERROR(INDEX(Overview!$B$3:$B$62,MATCH(B44,Overview!$V$3:$V$62,0)),"")) | F44: =IF(B44="","",IF(OR(C44="",D44="",E44=""),"Incomplete assignment",IF(NOT(OR(C44="strain",C44="vertical",C44="other")),"Invalid Type",IF(OR(NOT(ISNUMBER(E44)),E44<1,INT(E44)<>E44),"Invalid Order",IF(IF(C44="strain",COUNTIF($Z$3:$Z$47,D44),IF(C44="vertical",COUNTIF($AE$3:$AE$47,D44),COUNTIF($AJ$3:$AJ$47,D44)))=0,"Unknown profile",IF(IF(C44="strain",COUNTIFS($Z$3:$Z$47,D44,$AC$3:$AC$47,"<>OK"),IF(C44="vertical",COUNTIFS($AE$3:$AE$47,D44,$AH$3:$AH$47,"<>OK"),COUNTIFS($AJ$3:$AJ$47,D44,$AM$3:$AM$47,"<>OK")))>0,"Profile errors",IF(COUNTIFS($B$3:$B$46,B44,$C$3:$C$46,C44,$D$3:$D$46,D44)>1,"Duplicate profile assignment",IF(COUNTIFS($B$3:$B$46,B44,$C$3:$C$46,C44,$E$3:$E$46,E44)>1,"Duplicate Order","OK")))))))) | K44: =IF(OR(Z44="",AA44=""),"",COUNTIFS($Z$3:Z44,Z44,$AA$3:AA44,AA44)) | P44: =IF(OR(AE44="",AF44=""),"",COUNTIFS($AE$3:AE44,AE44,$AF$3:AF44,AF44)) | U44: =IF(OR(AJ44="",AK44=""),"",COUNTIFS($AJ$3:AJ44,AJ44,$AK$3:AK44,AK44)) | Z44: =IF(J44="","",IF(H44<>"",H44,Z43)) | AA44: =IF(J44="","",IF(H44<>"",IF(I44<>"",I44,""),IF(I44<>"",I44,AA43))) | AB44: =IF(OR(Z44="",AA44=""),"",Z44&"|"&AA44&"|"&TEXT(K44,"000")) | AC44: =IF(J44="","",IF(Z44="","Missing profile",IF(AA44="","Missing Set",IF(COUNTIF($AB$3:$AB$47,AB44)>1,"Duplicate key","OK")))) | AE44: =IF(O44="","",IF(M44<>"",M44,AE43)) | AF44: =IF(O44="","",IF(M44<>"",IF(N44<>"",N44,""),IF(N44<>"",N44,AF43))) | AG44: =IF(OR(AE44="",AF44=""),"",AE44&"|"&AF44&"|"&TEXT(P44,"000")) | AH44: =IF(O44="","",IF(AE44="","Missing profile",IF(AF44="","Missing Set",IF(COUNTIF($AG$3:$AG$47,AG44)>1,"Duplicate key","OK")))) | AJ44: =IF(T44="","",IF(R44<>"",R44,AJ43)) | AK44: =IF(T44="","",IF(R44<>"",IF(S44<>"",S44,""),IF(S44<>"",S44,AK43))) | AL44: =IF(OR(AJ44="",AK44=""),"",AJ44&"|"&AK44&"|"&TEXT(U44,"000")) | AM44: =IF(T44="","",IF(AJ44="","Missing profile",IF(AK44="","Missing Set",IF(COUNTIF($AL$3:$AL$47,AL44)>1,"Duplicate key","OK"))))
A45: =IF(B45="","",IFERROR(INDEX(Overview!$B$3:$B$62,MATCH(B45,Overview!$V$3:$V$62,0)),"")) | F45: =IF(B45="","",IF(OR(C45="",D45="",E45=""),"Incomplete assignment",IF(NOT(OR(C45="strain",C45="vertical",C45="other")),"Invalid Type",IF(OR(NOT(ISNUMBER(E45)),E45<1,INT(E45)<>E45),"Invalid Order",IF(IF(C45="strain",COUNTIF($Z$3:$Z$47,D45),IF(C45="vertical",COUNTIF($AE$3:$AE$47,D45),COUNTIF($AJ$3:$AJ$47,D45)))=0,"Unknown profile",IF(IF(C45="strain",COUNTIFS($Z$3:$Z$47,D45,$AC$3:$AC$47,"<>OK"),IF(C45="vertical",COUNTIFS($AE$3:$AE$47,D45,$AH$3:$AH$47,"<>OK"),COUNTIFS($AJ$3:$AJ$47,D45,$AM$3:$AM$47,"<>OK")))>0,"Profile errors",IF(COUNTIFS($B$3:$B$46,B45,$C$3:$C$46,C45,$D$3:$D$46,D45)>1,"Duplicate profile assignment",IF(COUNTIFS($B$3:$B$46,B45,$C$3:$C$46,C45,$E$3:$E$46,E45)>1,"Duplicate Order","OK")))))))) | K45: =IF(OR(Z45="",AA45=""),"",COUNTIFS($Z$3:Z45,Z45,$AA$3:AA45,AA45)) | P45: =IF(OR(AE45="",AF45=""),"",COUNTIFS($AE$3:AE45,AE45,$AF$3:AF45,AF45)) | U45: =IF(OR(AJ45="",AK45=""),"",COUNTIFS($AJ$3:AJ45,AJ45,$AK$3:AK45,AK45)) | Z45: =IF(J45="","",IF(H45<>"",H45,Z44)) | AA45: =IF(J45="","",IF(H45<>"",IF(I45<>"",I45,""),IF(I45<>"",I45,AA44))) | AB45: =IF(OR(Z45="",AA45=""),"",Z45&"|"&AA45&"|"&TEXT(K45,"000")) | AC45: =IF(J45="","",IF(Z45="","Missing profile",IF(AA45="","Missing Set",IF(COUNTIF($AB$3:$AB$47,AB45)>1,"Duplicate key","OK")))) | AE45: =IF(O45="","",IF(M45<>"",M45,AE44)) | AF45: =IF(O45="","",IF(M45<>"",IF(N45<>"",N45,""),IF(N45<>"",N45,AF44))) | AG45: =IF(OR(AE45="",AF45=""),"",AE45&"|"&AF45&"|"&TEXT(P45,"000")) | AH45: =IF(O45="","",IF(AE45="","Missing profile",IF(AF45="","Missing Set",IF(COUNTIF($AG$3:$AG$47,AG45)>1,"Duplicate key","OK")))) | AJ45: =IF(T45="","",IF(R45<>"",R45,AJ44)) | AK45: =IF(T45="","",IF(R45<>"",IF(S45<>"",S45,""),IF(S45<>"",S45,AK44))) | AL45: =IF(OR(AJ45="",AK45=""),"",AJ45&"|"&AK45&"|"&TEXT(U45,"000")) | AM45: =IF(T45="","",IF(AJ45="","Missing profile",IF(AK45="","Missing Set",IF(COUNTIF($AL$3:$AL$47,AL45)>1,"Duplicate key","OK"))))
A46: =IF(B46="","",IFERROR(INDEX(Overview!$B$3:$B$62,MATCH(B46,Overview!$V$3:$V$62,0)),"")) | F46: =IF(B46="","",IF(OR(C46="",D46="",E46=""),"Incomplete assignment",IF(NOT(OR(C46="strain",C46="vertical",C46="other")),"Invalid Type",IF(OR(NOT(ISNUMBER(E46)),E46<1,INT(E46)<>E46),"Invalid Order",IF(IF(C46="strain",COUNTIF($Z$3:$Z$47,D46),IF(C46="vertical",COUNTIF($AE$3:$AE$47,D46),COUNTIF($AJ$3:$AJ$47,D46)))=0,"Unknown profile",IF(IF(C46="strain",COUNTIFS($Z$3:$Z$47,D46,$AC$3:$AC$47,"<>OK"),IF(C46="vertical",COUNTIFS($AE$3:$AE$47,D46,$AH$3:$AH$47,"<>OK"),COUNTIFS($AJ$3:$AJ$47,D46,$AM$3:$AM$47,"<>OK")))>0,"Profile errors",IF(COUNTIFS($B$3:$B$46,B46,$C$3:$C$46,C46,$D$3:$D$46,D46)>1,"Duplicate profile assignment",IF(COUNTIFS($B$3:$B$46,B46,$C$3:$C$46,C46,$E$3:$E$46,E46)>1,"Duplicate Order","OK")))))))) | K46: =IF(OR(Z46="",AA46=""),"",COUNTIFS($Z$3:Z46,Z46,$AA$3:AA46,AA46)) | P46: =IF(OR(AE46="",AF46=""),"",COUNTIFS($AE$3:AE46,AE46,$AF$3:AF46,AF46)) | U46: =IF(OR(AJ46="",AK46=""),"",COUNTIFS($AJ$3:AJ46,AJ46,$AK$3:AK46,AK46)) | Z46: =IF(J46="","",IF(H46<>"",H46,Z45)) | AA46: =IF(J46="","",IF(H46<>"",IF(I46<>"",I46,""),IF(I46<>"",I46,AA45))) | AB46: =IF(OR(Z46="",AA46=""),"",Z46&"|"&AA46&"|"&TEXT(K46,"000")) | AC46: =IF(J46="","",IF(Z46="","Missing profile",IF(AA46="","Missing Set",IF(COUNTIF($AB$3:$AB$47,AB46)>1,"Duplicate key","OK")))) | AE46: =IF(O46="","",IF(M46<>"",M46,AE45)) | AF46: =IF(O46="","",IF(M46<>"",IF(N46<>"",N46,""),IF(N46<>"",N46,AF45))) | AG46: =IF(OR(AE46="",AF46=""),"",AE46&"|"&AF46&"|"&TEXT(P46,"000")) | AH46: =IF(O46="","",IF(AE46="","Missing profile",IF(AF46="","Missing Set",IF(COUNTIF($AG$3:$AG$47,AG46)>1,"Duplicate key","OK")))) | AJ46: =IF(T46="","",IF(R46<>"",R46,AJ45)) | AK46: =IF(T46="","",IF(R46<>"",IF(S46<>"",S46,""),IF(S46<>"",S46,AK45))) | AL46: =IF(OR(AJ46="",AK46=""),"",AJ46&"|"&AK46&"|"&TEXT(U46,"000")) | AM46: =IF(T46="","",IF(AJ46="","Missing profile",IF(AK46="","Missing Set",IF(COUNTIF($AL$3:$AL$47,AL46)>1,"Duplicate key","OK"))))
K47: =IF(OR(Z47="",AA47=""),"",COUNTIFS($Z$3:Z47,Z47,$AA$3:AA47,AA47)) | P47: =IF(OR(AE47="",AF47=""),"",COUNTIFS($AE$3:AE47,AE47,$AF$3:AF47,AF47)) | U47: =IF(OR(AJ47="",AK47=""),"",COUNTIFS($AJ$3:AJ47,AJ47,$AK$3:AK47,AK47)) | Z47: =IF(J47="","",IF(H47<>"",H47,Z46)) | AA47: =IF(J47="","",IF(H47<>"",IF(I47<>"",I47,""),IF(I47<>"",I47,AA46))) | AB47: =IF(OR(Z47="",AA47=""),"",Z47&"|"&AA47&"|"&TEXT(K47,"000")) | AC47: =IF(J47="","",IF(Z47="","Missing profile",IF(AA47="","Missing Set",IF(COUNTIF($AB$3:$AB$47,AB47)>1,"Duplicate key","OK")))) | AE47: =IF(O47="","",IF(M47<>"",M47,AE46)) | AF47: =IF(O47="","",IF(M47<>"",IF(N47<>"",N47,""),IF(N47<>"",N47,AF46))) | AG47: =IF(OR(AE47="",AF47=""),"",AE47&"|"&AF47&"|"&TEXT(P47,"000")) | AH47: =IF(O47="","",IF(AE47="","Missing profile",IF(AF47="","Missing Set",IF(COUNTIF($AG$3:$AG$47,AG47)>1,"Duplicate key","OK")))) | AJ47: =IF(T47="","",IF(R47<>"",R47,AJ46)) | AK47: =IF(T47="","",IF(R47<>"",IF(S47<>"",S47,""),IF(S47<>"",S47,AK46))) | AL47: =IF(OR(AJ47="",AK47=""),"",AJ47&"|"&AK47&"|"&TEXT(U47,"000")) | AM47: =IF(T47="","",IF(AJ47="","Missing profile",IF(AK47="","Missing Set",IF(COUNTIF($AL$3:$AL$47,AL47)>1,"Duplicate key","OK"))))

Sheet Master Registry
A1: MASTER REGISTRY — GENERATED AUDIT / PROCESSING RECORD | T1: CONTROLS | AY1: Active highlight | AZ1: TRUE
A2: Exp | B2: ID | C2: sessionUID* | D2: Image # | E2: Sample description | F2: Set | G2: Media | H2: Condition | I2: Rep # | J2: Original | K2: Image UID | L2: Working filename | M2: Arrangement | N2: annotationSet | O2: Date | P2: Date* | Q2: Time | R2: figureDescriptionLabel | S2: Filename status | T2: VBA controls | U2: Base filename* | V2: Base count* | W2: Set filename* | X2: Set filename count* | AY2: Legend visible | AZ2: FALSE
A3: =IF(ROW()-2>SUMIFS(Overview!$K$3:$K$62,Overview!$N$3:$N$62,"OK"),"",LOOKUP(2,1/((Overview!$L$3:$L$62<=ROW()-2)*(Overview!$M$3:$M$62>=ROW()-2)),Overview!$R$3:$R$62)) -> 1 | B3: =IF(A3="","",LOOKUP(2,1/((Overview!$L$3:$L$62<=ROW()-2)*(Overview!$M$3:$M$62>=ROW()-2)),Overview!$O$3:$O$62)) -> 14.08.26_24h | C3: =IF(A3="","",LOOKUP(2,1/((Overview!$L$3:$L$62<=ROW()-2)*(Overview!$M$3:$M$62>=ROW()-2)),Overview!$Y$3:$Y$62)) -> E1_14.08.26_24h | D3: =IF(A3="","",ROW()-2-LOOKUP(2,1/((Overview!$L$3:$L$62<=ROW()-2)*(Overview!$M$3:$M$62>=ROW()-2)),Overview!$L$3:$L$62)+1) -> 1 | E3: =IF(A3="","",IFERROR(IF(INDEX(Arrangements!$D$3:$D$92,MATCH(LOOKUP(2,1/((Overview!$L$3:$L$62<=ROW()-2)*(Overview!$M$3:$M$62>=ROW()-2)),Overview!$U$3:$U$62),Arrangements!$M$3:$M$92,0)+ROW()-2-LOOKUP(2,1/((Overview!$L$3:$L$62<=ROW()-2)*(Overview!$M$3:$M$62>=ROW()-2)),Overview!$L$3:$L$62)+1-1)="","",INDEX(Arrangements!$D$3:$D$92,MATCH(LOOKUP(2,1/((Overview!$L$3:$L$62<=ROW()-2)*(Overview!$M$3:$M$62>=ROW()-2)),Overview!$U$3:$U$62),Arrangements!$M$3:$M$92,0)+ROW()-2-LOOKUP(2,1/((Overview!$L$3:$L$62<=ROW()-2)*(Overview!$M$3:$M$62>=ROW()-2)),Overview!$L$3:$L$62)+1-1)),"")) -> YPDA, 1 | F3: =IF(A3="","",IFERROR(IF(INDEX(Arrangements!$E$3:$E$92,MATCH(LOOKUP(2,1/((Overview!$L$3:$L$62<=ROW()-2)*(Overview!$M$3:$M$62>=ROW()-2)),Overview!$U$3:$U$62),Arrangements!$M$3:$M$92,0)+ROW()-2-LOOKUP(2,1/((Overview!$L$3:$L$62<=ROW()-2)*(Overview!$M$3:$M$62>=ROW()-2)),Overview!$L$3:$L$62)+1-1)="","",INDEX(Arrangements!$E$3:$E$92,MATCH(LOOKUP(2,1/((Overview!$L$3:$L$62<=ROW()-2)*(Overview!$M$3:$M$62>=ROW()-2)),Overview!$U$3:$U$62),Arrangements!$M$3:$M$92,0)+ROW()-2-LOOKUP(2,1/((Overview!$L$3:$L$62<=ROW()-2)*(Overview!$M$3:$M$62>=ROW()-2)),Overview!$L$3:$L$62)+1-1)),"")) -> A | G3: =IF(A3="","",IFERROR(IF(INDEX(Arrangements!$F$3:$F$92,MATCH(LOOKUP(2,1/((Overview!$L$3:$L$62<=ROW()-2)*(Overview!$M$3:$M$62>=ROW()-2)),Overview!$U$3:$U$62),Arrangements!$M$3:$M$92,0)+ROW()-2-LOOKUP(2,1/((Overview!$L$3:$L$62<=ROW()-2)*(Overview!$M$3:$M$62>=ROW()-2)),Overview!$L$3:$L$62)+1-1)="","",INDEX(Arrangements!$F$3:$F$92,MATCH(LOOKUP(2,1/((Overview!$L$3:$L$62<=ROW()-2)*(Overview!$M$3:$M$62>=ROW()-2)),Overview!$U$3:$U$62),Arrangements!$M$3:$M$92,0)+ROW()-2-LOOKUP(2,1/((Overview!$L$3:$L$62<=ROW()-2)*(Overview!$M$3:$M$62>=ROW()-2)),Overview!$L$3:$L$62)+1-1)),"")) -> YPDA | H3: =IF(A3="","",IFERROR(IF(INDEX(Arrangements!$G$3:$G$92,MATCH(LOOKUP(2,1/((Overview!$L$3:$L$62<=ROW()-2)*(Overview!$M$3:$M$62>=ROW()-2)),Overview!$U$3:$U$62),Arrangements!$M$3:$M$92,0)+ROW()-2-LOOKUP(2,1/((Overview!$L$3:$L$62<=ROW()-2)*(Overview!$M$3:$M$62>=ROW()-2)),Overview!$L$3:$L$62)+1-1)="","",INDEX(Arrangements!$G$3:$G$92,MATCH(LOOKUP(2,1/((Overview!$L$3:$L$62<=ROW()-2)*(Overview!$M$3:$M$62>=ROW()-2)),Overview!$U$3:$U$62),Arrangements!$M$3:$M$92,0)+ROW()-2-LOOKUP(2,1/((Overview!$L$3:$L$62<=ROW()-2)*(Overview!$M$3:$M$62>=ROW()-2)),Overview!$L$3:$L$62)+1-1)),"")) | I3: =IF(A3="","",IFERROR(IF(INDEX(Arrangements!$H$3:$H$92,MATCH(LOOKUP(2,1/((Overview!$L$3:$L$62<=ROW()-2)*(Overview!$M$3:$M$62>=ROW()-2)),Overview!$U$3:$U$62),Arrangements!$M$3:$M$92,0)+ROW()-2-LOOKUP(2,1/((Overview!$L$3:$L$62<=ROW()-2)*(Overview!$M$3:$M$62>=ROW()-2)),Overview!$L$3:$L$62)+1-1)="","",INDEX(Arrangements!$H$3:$H$92,MATCH(LOOKUP(2,1/((Overview!$L$3:$L$62<=ROW()-2)*(Overview!$M$3:$M$62>=ROW()-2)),Overview!$U$3:$U$62),Arrangements!$M$3:$M$92,0)+ROW()-2-LOOKUP(2,1/((Overview!$L$3:$L$62<=ROW()-2)*(Overview!$M$3:$M$62>=ROW()-2)),Overview!$L$3:$L$62)+1-1)),"")) -> 1 | J3: =IF(A3="","","image"&D3&LOOKUP(2,1/((Overview!$L$3:$L$62<=ROW()-2)*(Overview!$M$3:$M$62>=ROW()-2)),Overview!$X$3:$X$62)) -> image1.jpg | K3: =IF(A3="","",C3&"_I"&TEXT(D3,"000")) -> E1_14.08.26_24h_I001 | L3: =IF(U3="","",IF(V3=1,U3,IF(X3=1,W3,LEFT(W3,LEN(W3)-LEN(LOOKUP(2,1/((Overview!$L$3:$L$62<=ROW()-2)*(Overview!$M$3:$M$62>=ROW()-2)),Overview!$X$3:$X$62)))&IF(COUNTIF($W$3:W3,W3)=1,"","__"&COUNTIF($W$3:W3,W3))&LOOKUP(2,1/((Overview!$L$3:$L$62<=ROW()-2)*(Overview!$M$3:$M$62>=ROW()-2)),Overview!$X$3:$X$62)))) -> 14.08.26_SetA_24h_YPDA, 1.jpg | M3: =IF(A3="","",LOOKUP(2,1/((Overview!$L$3:$L$62<=ROW()-2)*(Overview!$M$3:$M$62>=ROW()-2)),Overview!$U$3:$U$62)) -> Arrangement 1 | N3: =IF(A3="","",LOOKUP(2,1/((Overview!$L$3:$L$62<=ROW()-2)*(Overview!$M$3:$M$62>=ROW()-2)),Overview!$V$3:$V$62)) -> annotationSet 1 | O3: =IF(A3="","",LOOKUP(2,1/((Overview!$L$3:$L$62<=ROW()-2)*(Overview!$M$3:$M$62>=ROW()-2)),Overview!$B$3:$B$62)) -> 14.08.26 | P3: =IF(A3="","",LOOKUP(2,1/((Overview!$L$3:$L$62<=ROW()-2)*(Overview!$M$3:$M$62>=ROW()-2)),Overview!$S$3:$S$62)) -> 46248 | Q3: =IF(A3="","",LOOKUP(2,1/((Overview!$L$3:$L$62<=ROW()-2)*(Overview!$M$3:$M$62>=ROW()-2)),Overview!$C$3:$C$62)) -> 24h | R3: =IF(E3="","",IF(AND(I3<>"",LOOKUP(2,1/((Overview!$L$3:$L$62<=ROW()-2)*(Overview!$M$3:$M$62>=ROW()-2)),Overview!$Z$3:$Z$62)<>""),LEFT(E3,LEN(E3)-LEN(I3))&LOOKUP(2,1/((Overview!$L$3:$L$62<=ROW()-2)*(Overview!$M$3:$M$62>=ROW()-2)),Overview!$Z$3:$Z$62)&" "&I3,E3)&IF(AND(Q3="",LOOKUP(2,1/((Overview!$L$3:$L$62<=ROW()-2)*(Overview!$M$3:$M$62>=ROW()-2)),Overview!$W$3:$W$62)=""),"",", "&IF(Q3<>"",Q3,"")&IF(AND(Q3<>"",LOOKUP(2,1/((Overview!$L$3:$L$62<=ROW()-2)*(Overview!$M$3:$M$62>=ROW()-2)),Overview!$W$3:$W$62)<>"")," ","")&LOOKUP(2,1/((Overview!$L$3:$L$62<=ROW()-2)*(Overview!$M$3:$M$62>=ROW()-2)),Overview!$W$3:$W$62))) -> YPDA, 1, 24h growth | S3: =IF(U3="","",IF(V3=1,"Unique",IF(TRIM(F3)="","Missing Set for duplicate",IF(X3=1,"Duplicate resolved by Set","Set still duplicated; suffix added")))) -> Duplicate resolved by Set | T3: LIVE / PAUSED | U3: =IF(A3="","",O3&IF(LOOKUP(2,1/((Overview!$L$3:$L$62<=ROW()-2)*(Overview!$M$3:$M$62>=ROW()-2)),Overview!$T$3:$T$62)<>"","_"&LOOKUP(2,1/((Overview!$L$3:$L$62<=ROW()-2)*(Overview!$M$3:$M$62>=ROW()-2)),Overview!$T$3:$T$62),"")&IF(Q3<>"","_"&Q3,"")&IF(E3<>"","_"&E3,"")&LOOKUP(2,1/((Overview!$L$3:$L$62<=ROW()-2)*(Overview!$M$3:$M$62>=ROW()-2)),Overview!$X$3:$X$62)) -> 14.08.26_24h_YPDA, 1.jpg | V3: =IF(U3="","",COUNTIF($U$3:$U$152,U3)) -> 2 | W3: =IF(U3="","",O3&IF(LOOKUP(2,1/((Overview!$L$3:$L$62<=ROW()-2)*(Overview!$M$3:$M$62>=ROW()-2)),Overview!$T$3:$T$62)<>"","_"&LOOKUP(2,1/((Overview!$L$3:$L$62<=ROW()-2)*(Overview!$M$3:$M$62>=ROW()-2)),Overview!$T$3:$T$62),"")&"_"&IF(LEFT(LOWER(TRIM(F3)),3)="set",TRIM(F3),"Set"&TRIM(F3))&IF(Q3<>"","_"&Q3,"")&IF(E3<>"","_"&E3,"")&LOOKUP(2,1/((Overview!$L$3:$L$62<=ROW()-2)*(Overview!$M$3:$M$62>=ROW()-2)),Overview!$X$3:$X$62)) -> 14.08.26_SetA_24h_YPDA, 1.jpg | X3: =IF(W3="","",COUNTIF($W$3:$W$152,W3)) -> 1 | AY3: VBA live | AZ3: FALSE
A4: =IF(ROW()-2>SUMIFS(Overview!$K$3:$K$62,Overview!$N$3:$N$62,"OK"),"",LOOKUP(2,1/((Overview!$L$3:$L$62<=ROW()-2)*(Overview!$M$3:$M$62>=ROW()-2)),Overview!$R$3:$R$62)) -> 1 | B4: =IF(A4="","",LOOKUP(2,1/((Overview!$L$3:$L$62<=ROW()-2)*(Overview!$M$3:$M$62>=ROW()-2)),Overview!$O$3:$O$62)) -> 14.08.26_24h | C4: =IF(A4="","",LOOKUP(2,1/((Overview!$L$3:$L$62<=ROW()-2)*(Overview!$M$3:$M$62>=ROW()-2)),Overview!$Y$3:$Y$62)) -> E1_14.08.26_24h | D4: =IF(A4="","",ROW()-2-LOOKUP(2,1/((Overview!$L$3:$L$62<=ROW()-2)*(Overview!$M$3:$M$62>=ROW()-2)),Overview!$L$3:$L$62)+1) -> 2 | E4: =IF(A4="","",IFERROR(IF(INDEX(Arrangements!$D$3:$D$92,MATCH(LOOKUP(2,1/((Overview!$L$3:$L$62<=ROW()-2)*(Overview!$M$3:$M$62>=ROW()-2)),Overview!$U$3:$U$62),Arrangements!$M$3:$M$92,0)+ROW()-2-LOOKUP(2,1/((Overview!$L$3:$L$62<=ROW()-2)*(Overview!$M$3:$M$62>=ROW()-2)),Overview!$L$3:$L$62)+1-1)="","",INDEX(Arrangements!$D$3:$D$92,MATCH(LOOKUP(2,1/((Overview!$L$3:$L$62<=ROW()-2)*(Overview!$M$3:$M$62>=ROW()-2)),Overview!$U$3:$U$62),Arrangements!$M$3:$M$92,0)+ROW()-2-LOOKUP(2,1/((Overview!$L$3:$L$62<=ROW()-2)*(Overview!$M$3:$M$62>=ROW()-2)),Overview!$L$3:$L$62)+1-1)),"")) -> YPDA, 2 | F4: =IF(A4="","",IFERROR(IF(INDEX(Arrangements!$E$3:$E$92,MATCH(LOOKUP(2,1/((Overview!$L$3:$L$62<=ROW()-2)*(Overview!$M$3:$M$62>=ROW()-2)),Overview!$U$3:$U$62),Arrangements!$M$3:$M$92,0)+ROW()-2-LOOKUP(2,1/((Overview!$L$3:$L$62<=ROW()-2)*(Overview!$M$3:$M$62>=ROW()-2)),Overview!$L$3:$L$62)+1-1)="","",INDEX(Arrangements!$E$3:$E$92,MATCH(LOOKUP(2,1/((Overview!$L$3:$L$62<=ROW()-2)*(Overview!$M$3:$M$62>=ROW()-2)),Overview!$U$3:$U$62),Arrangements!$M$3:$M$92,0)+ROW()-2-LOOKUP(2,1/((Overview!$L$3:$L$62<=ROW()-2)*(Overview!$M$3:$M$62>=ROW()-2)),Overview!$L$3:$L$62)+1-1)),"")) -> A | G4: =IF(A4="","",IFERROR(IF(INDEX(Arrangements!$F$3:$F$92,MATCH(LOOKUP(2,1/((Overview!$L$3:$L$62<=ROW()-2)*(Overview!$M$3:$M$62>=ROW()-2)),Overview!$U$3:$U$62),Arrangements!$M$3:$M$92,0)+ROW()-2-LOOKUP(2,1/((Overview!$L$3:$L$62<=ROW()-2)*(Overview!$M$3:$M$62>=ROW()-2)),Overview!$L$3:$L$62)+1-1)="","",INDEX(Arrangements!$F$3:$F$92,MATCH(LOOKUP(2,1/((Overview!$L$3:$L$62<=ROW()-2)*(Overview!$M$3:$M$62>=ROW()-2)),Overview!$U$3:$U$62),Arrangements!$M$3:$M$92,0)+ROW()-2-LOOKUP(2,1/((Overview!$L$3:$L$62<=ROW()-2)*(Overview!$M$3:$M$62>=ROW()-2)),Overview!$L$3:$L$62)+1-1)),"")) -> YPDA | H4: =IF(A4="","",IFERROR(IF(INDEX(Arrangements!$G$3:$G$92,MATCH(LOOKUP(2,1/((Overview!$L$3:$L$62<=ROW()-2)*(Overview!$M$3:$M$62>=ROW()-2)),Overview!$U$3:$U$62),Arrangements!$M$3:$M$92,0)+ROW()-2-LOOKUP(2,1/((Overview!$L$3:$L$62<=ROW()-2)*(Overview!$M$3:$M$62>=ROW()-2)),Overview!$L$3:$L$62)+1-1)="","",INDEX(Arrangements!$G$3:$G$92,MATCH(LOOKUP(2,1/((Overview!$L$3:$L$62<=ROW()-2)*(Overview!$M$3:$M$62>=ROW()-2)),Overview!$U$3:$U$62),Arrangements!$M$3:$M$92,0)+ROW()-2-LOOKUP(2,1/((Overview!$L$3:$L$62<=ROW()-2)*(Overview!$M$3:$M$62>=ROW()-2)),Overview!$L$3:$L$62)+1-1)),"")) | I4: =IF(A4="","",IFERROR(IF(INDEX(Arrangements!$H$3:$H$92,MATCH(LOOKUP(2,1/((Overview!$L$3:$L$62<=ROW()-2)*(Overview!$M$3:$M$62>=ROW()-2)),Overview!$U$3:$U$62),Arrangements!$M$3:$M$92,0)+ROW()-2-LOOKUP(2,1/((Overview!$L$3:$L$62<=ROW()-2)*(Overview!$M$3:$M$62>=ROW()-2)),Overview!$L$3:$L$62)+1-1)="","",INDEX(Arrangements!$H$3:$H$92,MATCH(LOOKUP(2,1/((Overview!$L$3:$L$62<=ROW()-2)*(Overview!$M$3:$M$62>=ROW()-2)),Overview!$U$3:$U$62),Arrangements!$M$3:$M$92,0)+ROW()-2-LOOKUP(2,1/((Overview!$L$3:$L$62<=ROW()-2)*(Overview!$M$3:$M$62>=ROW()-2)),Overview!$L$3:$L$62)+1-1)),"")) -> 2 | J4: =IF(A4="","","image"&D4&LOOKUP(2,1/((Overview!$L$3:$L$62<=ROW()-2)*(Overview!$M$3:$M$62>=ROW()-2)),Overview!$X$3:$X$62)) -> image2.jpg | K4: =IF(A4="","",C4&"_I"&TEXT(D4,"000")) -> E1_14.08.26_24h_I002 | L4: =IF(U4="","",IF(V4=1,U4,IF(X4=1,W4,LEFT(W4,LEN(W4)-LEN(LOOKUP(2,1/((Overview!$L$3:$L$62<=ROW()-2)*(Overview!$M$3:$M$62>=ROW()-2)),Overview!$X$3:$X$62)))&IF(COUNTIF($W$3:W4,W4)=1,"","__"&COUNTIF($W$3:W4,W4))&LOOKUP(2,1/((Overview!$L$3:$L$62<=ROW()-2)*(Overview!$M$3:$M$62>=ROW()-2)),Overview!$X$3:$X$62)))) -> 14.08.26_SetA_24h_YPDA, 2.jpg | M4: =IF(A4="","",LOOKUP(2,1/((Overview!$L$3:$L$62<=ROW()-2)*(Overview!$M$3:$M$62>=ROW()-2)),Overview!$U$3:$U$62)) -> Arrangement 1 | N4: =IF(A4="","",LOOKUP(2,1/((Overview!$L$3:$L$62<=ROW()-2)*(Overview!$M$3:$M$62>=ROW()-2)),Overview!$V$3:$V$62)) -> annotationSet 1 | O4: =IF(A4="","",LOOKUP(2,1/((Overview!$L$3:$L$62<=ROW()-2)*(Overview!$M$3:$M$62>=ROW()-2)),Overview!$B$3:$B$62)) -> 14.08.26 | P4: =IF(A4="","",LOOKUP(2,1/((Overview!$L$3:$L$62<=ROW()-2)*(Overview!$M$3:$M$62>=ROW()-2)),Overview!$S$3:$S$62)) -> 46248 | Q4: =IF(A4="","",LOOKUP(2,1/((Overview!$L$3:$L$62<=ROW()-2)*(Overview!$M$3:$M$62>=ROW()-2)),Overview!$C$3:$C$62)) -> 24h | R4: =IF(E4="","",IF(AND(I4<>"",LOOKUP(2,1/((Overview!$L$3:$L$62<=ROW()-2)*(Overview!$M$3:$M$62>=ROW()-2)),Overview!$Z$3:$Z$62)<>""),LEFT(E4,LEN(E4)-LEN(I4))&LOOKUP(2,1/((Overview!$L$3:$L$62<=ROW()-2)*(Overview!$M$3:$M$62>=ROW()-2)),Overview!$Z$3:$Z$62)&" "&I4,E4)&IF(AND(Q4="",LOOKUP(2,1/((Overview!$L$3:$L$62<=ROW()-2)*(Overview!$M$3:$M$62>=ROW()-2)),Overview!$W$3:$W$62)=""),"",", "&IF(Q4<>"",Q4,"")&IF(AND(Q4<>"",LOOKUP(2,1/((Overview!$L$3:$L$62<=ROW()-2)*(Overview!$M$3:$M$62>=ROW()-2)),Overview!$W$3:$W$62)<>"")," ","")&LOOKUP(2,1/((Overview!$L$3:$L$62<=ROW()-2)*(Overview!$M$3:$M$62>=ROW()-2)),Overview!$W$3:$W$62))) -> YPDA, 2, 24h growth | S4: =IF(U4="","",IF(V4=1,"Unique",IF(TRIM(F4)="","Missing Set for duplicate",IF(X4=1,"Duplicate resolved by Set","Set still duplicated; suffix added")))) -> Duplicate resolved by Set | T4: Sync Now | U4: =IF(A4="","",O4&IF(LOOKUP(2,1/((Overview!$L$3:$L$62<=ROW()-2)*(Overview!$M$3:$M$62>=ROW()-2)),Overview!$T$3:$T$62)<>"","_"&LOOKUP(2,1/((Overview!$L$3:$L$62<=ROW()-2)*(Overview!$M$3:$M$62>=ROW()-2)),Overview!$T$3:$T$62),"")&IF(Q4<>"","_"&Q4,"")&IF(E4<>"","_"&E4,"")&LOOKUP(2,1/((Overview!$L$3:$L$62<=ROW()-2)*(Overview!$M$3:$M$62>=ROW()-2)),Overview!$X$3:$X$62)) -> 14.08.26_24h_YPDA, 2.jpg | V4: =IF(U4="","",COUNTIF($U$3:$U$152,U4)) -> 2 | W4: =IF(U4="","",O4&IF(LOOKUP(2,1/((Overview!$L$3:$L$62<=ROW()-2)*(Overview!$M$3:$M$62>=ROW()-2)),Overview!$T$3:$T$62)<>"","_"&LOOKUP(2,1/((Overview!$L$3:$L$62<=ROW()-2)*(Overview!$M$3:$M$62>=ROW()-2)),Overview!$T$3:$T$62),"")&"_"&IF(LEFT(LOWER(TRIM(F4)),3)="set",TRIM(F4),"Set"&TRIM(F4))&IF(Q4<>"","_"&Q4,"")&IF(E4<>"","_"&E4,"")&LOOKUP(2,1/((Overview!$L$3:$L$62<=ROW()-2)*(Overview!$M$3:$M$62>=ROW()-2)),Overview!$X$3:$X$62)) -> 14.08.26_SetA_24h_YPDA, 2.jpg | X4: =IF(W4="","",COUNTIF($W$3:$W$152,W4)) -> 1 | AY4: Sync pending | AZ4: FALSE
A5: =IF(ROW()-2>SUMIFS(Overview!$K$3:$K$62,Overview!$N$3:$N$62,"OK"),"",LOOKUP(2,1/((Overview!$L$3:$L$62<=ROW()-2)*(Overview!$M$3:$M$62>=ROW()-2)),Overview!$R$3:$R$62)) -> 1 | B5: =IF(A5="","",LOOKUP(2,1/((Overview!$L$3:$L$62<=ROW()-2)*(Overview!$M$3:$M$62>=ROW()-2)),Overview!$O$3:$O$62)) -> 14.08.26_24h | C5: =IF(A5="","",LOOKUP(2,1/((Overview!$L$3:$L$62<=ROW()-2)*(Overview!$M$3:$M$62>=ROW()-2)),Overview!$Y$3:$Y$62)) -> E1_14.08.26_24h | D5: =IF(A5="","",ROW()-2-LOOKUP(2,1/((Overview!$L$3:$L$62<=ROW()-2)*(Overview!$M$3:$M$62>=ROW()-2)),Overview!$L$3:$L$62)+1) -> 3 | E5: =IF(A5="","",IFERROR(IF(INDEX(Arrangements!$D$3:$D$92,MATCH(LOOKUP(2,1/((Overview!$L$3:$L$62<=ROW()-2)*(Overview!$M$3:$M$62>=ROW()-2)),Overview!$U$3:$U$62),Arrangements!$M$3:$M$92,0)+ROW()-2-LOOKUP(2,1/((Overview!$L$3:$L$62<=ROW()-2)*(Overview!$M$3:$M$62>=ROW()-2)),Overview!$L$3:$L$62)+1-1)="","",INDEX(Arrangements!$D$3:$D$92,MATCH(LOOKUP(2,1/((Overview!$L$3:$L$62<=ROW()-2)*(Overview!$M$3:$M$62>=ROW()-2)),Overview!$U$3:$U$62),Arrangements!$M$3:$M$92,0)+ROW()-2-LOOKUP(2,1/((Overview!$L$3:$L$62<=ROW()-2)*(Overview!$M$3:$M$62>=ROW()-2)),Overview!$L$3:$L$62)+1-1)),"")) -> YPDA, 3 | F5: =IF(A5="","",IFERROR(IF(INDEX(Arrangements!$E$3:$E$92,MATCH(LOOKUP(2,1/((Overview!$L$3:$L$62<=ROW()-2)*(Overview!$M$3:$M$62>=ROW()-2)),Overview!$U$3:$U$62),Arrangements!$M$3:$M$92,0)+ROW()-2-LOOKUP(2,1/((Overview!$L$3:$L$62<=ROW()-2)*(Overview!$M$3:$M$62>=ROW()-2)),Overview!$L$3:$L$62)+1-1)="","",INDEX(Arrangements!$E$3:$E$92,MATCH(LOOKUP(2,1/((Overview!$L$3:$L$62<=ROW()-2)*(Overview!$M$3:$M$62>=ROW()-2)),Overview!$U$3:$U$62),Arrangements!$M$3:$M$92,0)+ROW()-2-LOOKUP(2,1/((Overview!$L$3:$L$62<=ROW()-2)*(Overview!$M$3:$M$62>=ROW()-2)),Overview!$L$3:$L$62)+1-1)),"")) -> A | G5: =IF(A5="","",IFERROR(IF(INDEX(Arrangements!$F$3:$F$92,MATCH(LOOKUP(2,1/((Overview!$L$3:$L$62<=ROW()-2)*(Overview!$M$3:$M$62>=ROW()-2)),Overview!$U$3:$U$62),Arrangements!$M$3:$M$92,0)+ROW()-2-LOOKUP(2,1/((Overview!$L$3:$L$62<=ROW()-2)*(Overview!$M$3:$M$62>=ROW()-2)),Overview!$L$3:$L$62)+1-1)="","",INDEX(Arrangements!$F$3:$F$92,MATCH(LOOKUP(2,1/((Overview!$L$3:$L$62<=ROW()-2)*(Overview!$M$3:$M$62>=ROW()-2)),Overview!$U$3:$U$62),Arrangements!$M$3:$M$92,0)+ROW()-2-LOOKUP(2,1/((Overview!$L$3:$L$62<=ROW()-2)*(Overview!$M$3:$M$62>=ROW()-2)),Overview!$L$3:$L$62)+1-1)),"")) -> YPDA | H5: =IF(A5="","",IFERROR(IF(INDEX(Arrangements!$G$3:$G$92,MATCH(LOOKUP(2,1/((Overview!$L$3:$L$62<=ROW()-2)*(Overview!$M$3:$M$62>=ROW()-2)),Overview!$U$3:$U$62),Arrangements!$M$3:$M$92,0)+ROW()-2-LOOKUP(2,1/((Overview!$L$3:$L$62<=ROW()-2)*(Overview!$M$3:$M$62>=ROW()-2)),Overview!$L$3:$L$62)+1-1)="","",INDEX(Arrangements!$G$3:$G$92,MATCH(LOOKUP(2,1/((Overview!$L$3:$L$62<=ROW()-2)*(Overview!$M$3:$M$62>=ROW()-2)),Overview!$U$3:$U$62),Arrangements!$M$3:$M$92,0)+ROW()-2-LOOKUP(2,1/((Overview!$L$3:$L$62<=ROW()-2)*(Overview!$M$3:$M$62>=ROW()-2)),Overview!$L$3:$L$62)+1-1)),"")) | I5: =IF(A5="","",IFERROR(IF(INDEX(Arrangements!$H$3:$H$92,MATCH(LOOKUP(2,1/((Overview!$L$3:$L$62<=ROW()-2)*(Overview!$M$3:$M$62>=ROW()-2)),Overview!$U$3:$U$62),Arrangements!$M$3:$M$92,0)+ROW()-2-LOOKUP(2,1/((Overview!$L$3:$L$62<=ROW()-2)*(Overview!$M$3:$M$62>=ROW()-2)),Overview!$L$3:$L$62)+1-1)="","",INDEX(Arrangements!$H$3:$H$92,MATCH(LOOKUP(2,1/((Overview!$L$3:$L$62<=ROW()-2)*(Overview!$M$3:$M$62>=ROW()-2)),Overview!$U$3:$U$62),Arrangements!$M$3:$M$92,0)+ROW()-2-LOOKUP(2,1/((Overview!$L$3:$L$62<=ROW()-2)*(Overview!$M$3:$M$62>=ROW()-2)),Overview!$L$3:$L$62)+1-1)),"")) -> 3 | J5: =IF(A5="","","image"&D5&LOOKUP(2,1/((Overview!$L$3:$L$62<=ROW()-2)*(Overview!$M$3:$M$62>=ROW()-2)),Overview!$X$3:$X$62)) -> image3.jpg | K5: =IF(A5="","",C5&"_I"&TEXT(D5,"000")) -> E1_14.08.26_24h_I003 | L5: =IF(U5="","",IF(V5=1,U5,IF(X5=1,W5,LEFT(W5,LEN(W5)-LEN(LOOKUP(2,1/((Overview!$L$3:$L$62<=ROW()-2)*(Overview!$M$3:$M$62>=ROW()-2)),Overview!$X$3:$X$62)))&IF(COUNTIF($W$3:W5,W5)=1,"","__"&COUNTIF($W$3:W5,W5))&LOOKUP(2,1/((Overview!$L$3:$L$62<=ROW()-2)*(Overview!$M$3:$M$62>=ROW()-2)),Overview!$X$3:$X$62)))) -> 14.08.26_SetA_24h_YPDA, 3.jpg | M5: =IF(A5="","",LOOKUP(2,1/((Overview!$L$3:$L$62<=ROW()-2)*(Overview!$M$3:$M$62>=ROW()-2)),Overview!$U$3:$U$62)) -> Arrangement 1 | N5: =IF(A5="","",LOOKUP(2,1/((Overview!$L$3:$L$62<=ROW()-2)*(Overview!$M$3:$M$62>=ROW()-2)),Overview!$V$3:$V$62)) -> annotationSet 1 | O5: =IF(A5="","",LOOKUP(2,1/((Overview!$L$3:$L$62<=ROW()-2)*(Overview!$M$3:$M$62>=ROW()-2)),Overview!$B$3:$B$62)) -> 14.08.26 | P5: =IF(A5="","",LOOKUP(2,1/((Overview!$L$3:$L$62<=ROW()-2)*(Overview!$M$3:$M$62>=ROW()-2)),Overview!$S$3:$S$62)) -> 46248 | Q5: =IF(A5="","",LOOKUP(2,1/((Overview!$L$3:$L$62<=ROW()-2)*(Overview!$M$3:$M$62>=ROW()-2)),Overview!$C$3:$C$62)) -> 24h | R5: =IF(E5="","",IF(AND(I5<>"",LOOKUP(2,1/((Overview!$L$3:$L$62<=ROW()-2)*(Overview!$M$3:$M$62>=ROW()-2)),Overview!$Z$3:$Z$62)<>""),LEFT(E5,LEN(E5)-LEN(I5))&LOOKUP(2,1/((Overview!$L$3:$L$62<=ROW()-2)*(Overview!$M$3:$M$62>=ROW()-2)),Overview!$Z$3:$Z$62)&" "&I5,E5)&IF(AND(Q5="",LOOKUP(2,1/((Overview!$L$3:$L$62<=ROW()-2)*(Overview!$M$3:$M$62>=ROW()-2)),Overview!$W$3:$W$62)=""),"",", "&IF(Q5<>"",Q5,"")&IF(AND(Q5<>"",LOOKUP(2,1/((Overview!$L$3:$L$62<=ROW()-2)*(Overview!$M$3:$M$62>=ROW()-2)),Overview!$W$3:$W$62)<>"")," ","")&LOOKUP(2,1/((Overview!$L$3:$L$62<=ROW()-2)*(Overview!$M$3:$M$62>=ROW()-2)),Overview!$W$3:$W$62))) -> YPDA, 3, 24h growth | S5: =IF(U5="","",IF(V5=1,"Unique",IF(TRIM(F5)="","Missing Set for duplicate",IF(X5=1,"Duplicate resolved by Set","Set still duplicated; suffix added")))) -> Duplicate resolved by Set | T5: Legend (bottom) | U5: =IF(A5="","",O5&IF(LOOKUP(2,1/((Overview!$L$3:$L$62<=ROW()-2)*(Overview!$M$3:$M$62>=ROW()-2)),Overview!$T$3:$T$62)<>"","_"&LOOKUP(2,1/((Overview!$L$3:$L$62<=ROW()-2)*(Overview!$M$3:$M$62>=ROW()-2)),Overview!$T$3:$T$62),"")&IF(Q5<>"","_"&Q5,"")&IF(E5<>"","_"&E5,"")&LOOKUP(2,1/((Overview!$L$3:$L$62<=ROW()-2)*(Overview!$M$3:$M$62>=ROW()-2)),Overview!$X$3:$X$62)) -> 14.08.26_24h_YPDA, 3.jpg | V5: =IF(U5="","",COUNTIF($U$3:$U$152,U5)) -> 2 | W5: =IF(U5="","",O5&IF(LOOKUP(2,1/((Overview!$L$3:$L$62<=ROW()-2)*(Overview!$M$3:$M$62>=ROW()-2)),Overview!$T$3:$T$62)<>"","_"&LOOKUP(2,1/((Overview!$L$3:$L$62<=ROW()-2)*(Overview!$M$3:$M$62>=ROW()-2)),Overview!$T$3:$T$62),"")&"_"&IF(LEFT(LOWER(TRIM(F5)),3)="set",TRIM(F5),"Set"&TRIM(F5))&IF(Q5<>"","_"&Q5,"")&IF(E5<>"","_"&E5,"")&LOOKUP(2,1/((Overview!$L$3:$L$62<=ROW()-2)*(Overview!$M$3:$M$62>=ROW()-2)),Overview!$X$3:$X$62)) -> 14.08.26_SetA_24h_YPDA, 3.jpg | X5: =IF(W5="","",COUNTIF($W$3:$W$152,W5)) -> 1 | AY5: Capacity row | AZ5: 152
